#Insert_statments

/* Inserts all data into DB*/
USE animal_medical;
INSERT INTO unit (`unit_name`) VALUES ('Capsule');
INSERT INTO unit (`unit_name`) VALUES ('Tablet');
INSERT INTO unit (`unit_name`) VALUES ('Chewable');
INSERT INTO unit (`unit_name`) VALUES ('mL');
INSERT INTO unit (`unit_name`) VALUES ('Powder');
INSERT INTO unit (`unit_name`) VALUES ('Chew');
INSERT INTO unit (`unit_name`) VALUES ('Ointment');
INSERT INTO unit (`unit_name`) VALUES ('Oral Gel');
INSERT INTO unit (`unit_name`) VALUES ('Drops');

INSERT INTO medication (`medication_id`,`medication_name`,`unit_id`,`concentration`,`dose`) VALUES (1,'Amoxicillin',1,'500 mg','Dogs: 5mg/lb');
INSERT INTO medication (`medication_id`,`medication_name`,`unit_id`,`concentration`,`dose`) VALUES (2,'Cephalexin',1,'500 mg','Dogs: 10-15mg/lb');
INSERT INTO medication (`medication_id`,`medication_name`,`unit_id`,`concentration`,`dose`) VALUES (3,'Cephalexin',1,'250 mg','Dogs: 10-15mg/lb');
INSERT INTO medication (`medication_id`,`medication_name`,`unit_id`,`concentration`,`dose`) VALUES (4,'Clindamycin',2,'25 mg','Dogs: 2.5-5mg/lb Cats: 2.5-5mg/lb');
INSERT INTO medication (`medication_id`,`medication_name`,`unit_id`,`concentration`,`dose`) VALUES (5,'Clavamox',3,'Tablet 125','mg Dogs 6.25mg/lb Cats: 6.25mg/lb');
INSERT INTO medication (`medication_id`,`medication_name`,`unit_id`,`concentration`,`dose`) VALUES (6,'Doxycyline',2,'50 mg','Dogs: 2.27mg/lb Cats: 2.27mg/lb');
INSERT INTO medication (`medication_id`,`medication_name`,`unit_id`,`concentration`,`dose`) VALUES (7,'Doxycyline',4,'25 mg/mL','Dogs: 2.27mg/lb Cats: 2.27mg/lb');
INSERT INTO medication (`medication_id`,`medication_name`,`unit_id`,`concentration`,`dose`) VALUES (8,'AmoxiDrop',4,'50 mg/mL','Dogs: 5mg/lb Cats: 50mg/cat or 5-10mg/lb');
INSERT INTO medication (`medication_id`,`medication_name`,`unit_id`,`concentration`,`dose`) VALUES (9,'Carprofen',2,'25 mg','Dogs: 1mg/lb ROUND DOWN');
INSERT INTO medication (`medication_id`,`medication_name`,`unit_id`,`concentration`,`dose`) VALUES (10,'Gabapentin',1,'100 mg','Dogs:4.5-9mg/lb Cats: 1.36-2.27mg/lb');
INSERT INTO medication (`medication_id`,`medication_name`,`unit_id`,`concentration`,`dose`) VALUES (11,'Generic Joint Care',5,'n/a',NULL);
INSERT INTO medication (`medication_id`,`medication_name`,`unit_id`,`concentration`,`dose`) VALUES (12,'Doggie Dailes Probiotic',6,NULL,'1 chew / 15 lbs (6)');
INSERT INTO medication (`medication_id`,`medication_name`,`unit_id`,`concentration`,`dose`) VALUES (13,'Probiotics Every Day',6,NULL,'1 chew / 30 lbs (3)');
INSERT INTO medication (`medication_id`,`medication_name`,`unit_id`,`concentration`,`dose`) VALUES (14,'Fortiflora',6,'45 mg?','1 chew q24hr?');
INSERT INTO medication (`medication_id`,`medication_name`,`unit_id`,`concentration`,`dose`) VALUES (15,'Cosquin for Cats',1,NULL,'1 <10 lbs 2 >= 10lb');
INSERT INTO medication (`medication_id`,`medication_name`,`unit_id`,`concentration`,`dose`) VALUES (16,'Synacore for Cats',5,NULL,NULL);
INSERT INTO medication (`medication_id`,`medication_name`,`unit_id`,`concentration`,`dose`) VALUES (17,'Dasequin for Cats',1,NULL,'1 <10 lbs 2 >= 10lb');
INSERT INTO medication (`medication_id`,`medication_name`,`unit_id`,`concentration`,`dose`) VALUES (18,'Hairball Remedy',7,NULL,NULL);
INSERT INTO medication (`medication_id`,`medication_name`,`unit_id`,`concentration`,`dose`) VALUES (19,'Lactated Ringer Soln.',4,'n/a','Dogs: 5-10ml/lb Cats: 5-10ml/lb max 100-150ml');
INSERT INTO medication (`medication_id`,`medication_name`,`unit_id`,`concentration`,`dose`) VALUES (20,'0.9% Sodium Chloride Inj',4,'10 mL Syringe','Dogs: 5-10ml/lb Cats: 5-10ml/lb max 100-150ml');
INSERT INTO medication (`medication_id`,`medication_name`,`unit_id`,`concentration`,`dose`) VALUES (21,'Fatal Plus',4,NULL,'1 mL/10 lb');
INSERT INTO medication (`medication_id`,`medication_name`,`unit_id`,`concentration`,`dose`) VALUES (22,'Ketamine',4,'TBD','TBD');
INSERT INTO medication (`medication_id`,`medication_name`,`unit_id`,`concentration`,`dose`) VALUES (23,'Acepromazine',4,'TBD','TBD');
INSERT INTO medication (`medication_id`,`medication_name`,`unit_id`,`concentration`,`dose`) VALUES (24,'Denamarin Advanced',NULL,NULL,NULL);
INSERT INTO medication (`medication_id`,`medication_name`,`unit_id`,`concentration`,`dose`) VALUES (25,'Sentry EARMITE free',NULL,NULL,NULL);
INSERT INTO medication (`medication_id`,`medication_name`,`unit_id`,`concentration`,`dose`) VALUES (26,'Odansetron',2,'8 mg','Dogs: 0.22-.45mg/lb Cats: 0.045-.45mg/lb');
INSERT INTO medication (`medication_id`,`medication_name`,`unit_id`,`concentration`,`dose`) VALUES (27,'Cerenia',2,'24 mg','Dogs: 0.9mg/lb Cats: 0.45mg/lb');
INSERT INTO medication (`medication_id`,`medication_name`,`unit_id`,`concentration`,`dose`) VALUES (28,'Cerenia',2,'16 mg','Dogs: 0.9mg/lb Cats: 0.45mg/lb');
INSERT INTO medication (`medication_id`,`medication_name`,`unit_id`,`concentration`,`dose`) VALUES (29,'Mirtazapine',2,'15 mg','Dogs:0.5-.59mg/lb (don\'t exceed 30mg/dog/day)');
INSERT INTO medication (`medication_id`,`medication_name`,`unit_id`,`concentration`,`dose`) VALUES (30,'Metronidazole',2,'500 mg','Cats and dogs: 4.5-6.8mg/lb');
INSERT INTO medication (`medication_id`,`medication_name`,`unit_id`,`concentration`,`dose`) VALUES (31,'Famotidine',2,'10 mg','Cats and dogs: 0.227-.5mg/lb');
INSERT INTO medication (`medication_id`,`medication_name`,`unit_id`,`concentration`,`dose`) VALUES (32,'Tobramycin',9,NULL,'Cats and dogs 1 drop');
INSERT INTO medication (`medication_id`,`medication_name`,`unit_id`,`concentration`,`dose`) VALUES (33,'Neo Poly Dex',9,NULL,'Cats and dogs:1 drop');
INSERT INTO medication (`medication_id`,`medication_name`,`unit_id`,`concentration`,`dose`) VALUES (DEFAULT, 'Senior Advanced Intestinal Support', 6, NULL, '1 chew / 40 lbs (3)');
INSERT INTO medication (`medication_id`,`medication_name`,`unit_id`,`concentration`,`dose`) VALUES (DEFAULT,'Viralys L-Lysine Supplement',9,NULL,'Cats:<6m 0.65ml >6m: 1.25ml');
INSERT INTO medication (`medication_id`,`medication_name`,`unit_id`,`concentration`,`dose`) VALUES (DEFAULT,'Renal K+ (Potassium Gluconate)',5,NULL,'1 scoop/10 lbs');
INSERT INTO medication (`medication_id`,`medication_name`,`unit_id`,`concentration`,`dose`) VALUES (DEFAULT,'Pet Armor Ear Mite & Tick Treatment',NULL,NULL,NULL);
INSERT INTO medication (`medication_id`,`medication_name`,`unit_id`,`concentration`,`dose`) VALUES (DEFAULT,'Mirtaz',7,NULL,'Cats >2lb :1.5 inch, Cats <2lb 3/4inch strip to inside of ear flap-alternate ears each admin- WEAR GLOVES');

INSERT INTO vaccine (`vaccine_id`,`vaccine_name`,`concentration`) VALUES (1,'fvrcp initial',NULL);
INSERT INTO vaccine (`vaccine_id`,`vaccine_name`,`concentration`) VALUES (2,'fvrcp booster',NULL);
INSERT INTO vaccine (`vaccine_id`,`vaccine_name`,`concentration`) VALUES (3,'fvrcp 1 year',NULL);
INSERT INTO vaccine (`vaccine_id`,`vaccine_name`,`concentration`) VALUES (4,'rabies',NULL);
INSERT INTO vaccine (`vaccine_id`,`vaccine_name`,`concentration`) VALUES (5,'da2pp initial',NULL);
INSERT INTO vaccine (`vaccine_id`,`vaccine_name`,`concentration`) VALUES (6,'da2pp ',NULL);
INSERT INTO vaccine (`vaccine_id`,`vaccine_name`,`concentration`) VALUES (7,'bordetella',NULL);
INSERT INTO vaccine (`vaccine_id`,`vaccine_name`,`concentration`) VALUES (8,'pyrantel',NULL);

INSERT INTO species (`species_id`,`species_name`) VALUES (1,'Dog');
INSERT INTO species (`species_id`,`species_name`) VALUES (2,'Cat');

INSERT INTO color (`color_id`,`color_name`) VALUES (1,'Black');
INSERT INTO color (`color_id`,`color_name`) VALUES (2,'Blue Merle');
INSERT INTO color (`color_id`,`color_name`) VALUES (3,'Brindle');
INSERT INTO color (`color_id`,`color_name`) VALUES (4,'Brown');
INSERT INTO color (`color_id`,`color_name`) VALUES (5,'Buff');
INSERT INTO color (`color_id`,`color_name`) VALUES (6,'Calico');
INSERT INTO color (`color_id`,`color_name`) VALUES (7,'Champagne');
INSERT INTO color (`color_id`,`color_name`) VALUES (8,'Chocolate');
INSERT INTO color (`color_id`,`color_name`) VALUES (9,'Chocolate Point');
INSERT INTO color (`color_id`,`color_name`) VALUES (10,'Cream');
INSERT INTO color (`color_id`,`color_name`) VALUES (11,'Dilute Tortie');
INSERT INTO color (`color_id`,`color_name`) VALUES (12,'Fawn');
INSERT INTO color (`color_id`,`color_name`) VALUES (13,'Gray');
INSERT INTO color (`color_id`,`color_name`) VALUES (14,'Liver');
INSERT INTO color (`color_id`,`color_name`) VALUES (15,'Lynx Point');
INSERT INTO color (`color_id`,`color_name`) VALUES (16,'Orange');
INSERT INTO color (`color_id`,`color_name`) VALUES (17,'Patch');
INSERT INTO color (`color_id`,`color_name`) VALUES (18,'Red');
INSERT INTO color (`color_id`,`color_name`) VALUES (19,'Tabby');
INSERT INTO color (`color_id`,`color_name`) VALUES (20,'Tan');
INSERT INTO color (`color_id`,`color_name`) VALUES (21,'Tricolor');
INSERT INTO color (`color_id`,`color_name`) VALUES (22,'White');
INSERT INTO color (`color_id`,`color_name`) VALUES (23,'Yellow');

INSERT INTO breed (`breed_id`,`breed_name`, `species_id`) VALUES (1,'Mix',1);
INSERT INTO breed (`breed_id`,`breed_name`, `species_id`) VALUES (2,'Domestic Shorthair',  2);
INSERT INTO breed (`breed_id`,`breed_name`, `species_id`) VALUES (3,'Domestic Mediumhair', 2);
INSERT INTO breed (`breed_id`,`breed_name`, `species_id`) VALUES (4,'Domestic Longhair', 2);
INSERT INTO breed (`breed_id`,`breed_name`, `species_id`) VALUES (5,'Abyssinian', 2);
INSERT INTO breed (`breed_id`,`breed_name`, `species_id`) VALUES (6,'Airedale Terrior',1);
INSERT INTO breed (`breed_id`,`breed_name`, `species_id`) VALUES (7,'Akbash',1);
INSERT INTO breed (`breed_id`,`breed_name`, `species_id`) VALUES (8,'Alaskan Husky',1 );
INSERT INTO breed (`breed_id`,`breed_name`, `species_id`) VALUES (9,'American Bulldog',1 );
INSERT INTO breed (`breed_id`,`breed_name`, `species_id`) VALUES (10,'American Pit Bull Terrier', 1);
INSERT INTO breed (`breed_id`,`breed_name`, `species_id`) VALUES (11,'American Staffordshire Terrier', 1);
INSERT INTO breed (`breed_id`,`breed_name`, `species_id`) VALUES (12,'Australian Cattle Dog',1 );
INSERT INTO breed (`breed_id`,`breed_name`, `species_id`) VALUES (13,'Australian Kelpie', 1);
INSERT INTO breed (`breed_id`,`breed_name`, `species_id`) VALUES (14,'Australian Sheperd', 1);
INSERT INTO breed (`breed_id`,`breed_name`, `species_id`) VALUES (15,'Black and Tan Hound', 1);
INSERT INTO breed (`breed_id`,`breed_name`, `species_id`) VALUES (16,'Border Collie',1 );
INSERT INTO breed (`breed_id`,`breed_name`, `species_id`) VALUES (17,'Boxer',1 );
INSERT INTO breed (`breed_id`,`breed_name`, `species_id`) VALUES (18,'Bullmastiff',1 );
INSERT INTO breed (`breed_id`,`breed_name`, `species_id`) VALUES (19,'Chihuahua Long Hair', 1);
INSERT INTO breed (`breed_id`,`breed_name`, `species_id`) VALUES (20,'Chihuahua Short Hair', 1);
INSERT INTO breed (`breed_id`,`breed_name`, `species_id`) VALUES (21,'Chinese Shar-Pei',1 );
INSERT INTO breed (`breed_id`,`breed_name`, `species_id`) VALUES (22,'Dachshund Shorthair', 1);
INSERT INTO breed (`breed_id`,`breed_name`, `species_id`) VALUES (23,'Dachshund Longhair',1 );
INSERT INTO breed (`breed_id`,`breed_name`, `species_id`) VALUES (24,'Dalmation',1 );
INSERT INTO breed (`breed_id`,`breed_name`, `species_id`) VALUES (25,'English Foxhound', 1);
INSERT INTO breed (`breed_id`,`breed_name`, `species_id`) VALUES (26,'English Pointer',1 );
INSERT INTO breed (`breed_id`,`breed_name`, `species_id`) VALUES (27,'German Sheperd', 1);
INSERT INTO breed (`breed_id`,`breed_name`, `species_id`) VALUES (28,'German Wirehaired Pointer',1 );
INSERT INTO breed (`breed_id`,`breed_name`, `species_id`) VALUES (29,'Great Dane',1 );
INSERT INTO breed (`breed_id`,`breed_name`, `species_id`) VALUES (30,'Irish Wolfhound',1 );
INSERT INTO breed (`breed_id`,`breed_name`, `species_id`) VALUES (31,'Jack Russell Terrier', 1);
INSERT INTO breed (`breed_id`,`breed_name`, `species_id`) VALUES (32,'Labrador Retriever',1 );
INSERT INTO breed (`breed_id`,`breed_name`, `species_id`) VALUES (33,'Maine Coon',1 );
INSERT INTO breed (`breed_id`,`breed_name`, `species_id`) VALUES (34,'Maltese', 1);
INSERT INTO breed (`breed_id`,`breed_name`, `species_id`) VALUES (35,'Manchester Terrier', 1);
INSERT INTO breed (`breed_id`,`breed_name`, `species_id`) VALUES (36,'Mastiff',1 );
INSERT INTO breed (`breed_id`,`breed_name`, `species_id`) VALUES (37,'Pekingese', 1);
INSERT INTO breed (`breed_id`,`breed_name`, `species_id`) VALUES (38,'Pembroke Welsh Corgi',1 );
INSERT INTO breed (`breed_id`,`breed_name`, `species_id`) VALUES (39,'Pomeranian', 1);
INSERT INTO breed (`breed_id`,`breed_name`, `species_id`) VALUES (40,'Pug',1 );
INSERT INTO breed (`breed_id`,`breed_name`, `species_id`) VALUES (41,'Queensland Heeler',1 );
INSERT INTO breed (`breed_id`,`breed_name`, `species_id`) VALUES (42,'Ragdoll',2 );
INSERT INTO breed (`breed_id`,`breed_name`, `species_id`) VALUES (43,'Rottweiler', 1);
INSERT INTO breed (`breed_id`,`breed_name`, `species_id`) VALUES (44,'Shih Tzu', 1);
INSERT INTO breed (`breed_id`,`breed_name`, `species_id`) VALUES (45,'Siamese', 2);
INSERT INTO breed (`breed_id`,`breed_name`, `species_id`) VALUES (46,'Siberian Husky', 1);
INSERT INTO breed (`breed_id`,`breed_name`, `species_id`) VALUES (47,'Standard Poodle',1 );
INSERT INTO breed (`breed_id`,`breed_name`, `species_id`) VALUES (48,'Terrier',1 );
INSERT INTO breed (`breed_id`,`breed_name`, `species_id`) VALUES (49,'Treeing Walker Hound',1 );
INSERT INTO breed (`breed_id`,`breed_name`, `species_id`) VALUES (50,'Yorkshire Terrior',1 );
INSERT INTO breed (`breed_id`,`breed_name`, `species_id`) VALUES (51,'Chow Chow', 1);
INSERT INTO breed (`breed_id`,`breed_name`, `species_id`) VALUES (52,'Mix',2);

INSERT INTO `kennel` (`kennel_id`,`kennel_description`) VALUES (1,'A-1');
INSERT INTO `kennel` (`kennel_id`,`kennel_description`) VALUES (2,'A-2');
INSERT INTO `kennel` (`kennel_id`,`kennel_description`) VALUES (3,'A-3');
INSERT INTO `kennel` (`kennel_id`,`kennel_description`) VALUES (4,'A-4');
INSERT INTO `kennel` (`kennel_id`,`kennel_description`) VALUES (5,'A-5');
INSERT INTO `kennel` (`kennel_id`,`kennel_description`) VALUES (6,'A-6');
INSERT INTO `kennel` (`kennel_id`,`kennel_description`) VALUES (7,'A-7');
INSERT INTO `kennel` (`kennel_id`,`kennel_description`) VALUES (8,'A-8');
INSERT INTO `kennel` (`kennel_id`,`kennel_description`) VALUES (9,'A-9');
INSERT INTO `kennel` (`kennel_id`,`kennel_description`) VALUES (10,'A-10');
INSERT INTO `kennel` (`kennel_id`,`kennel_description`) VALUES (11,'A-11');
INSERT INTO `kennel` (`kennel_id`,`kennel_description`) VALUES (12,'A-12');
INSERT INTO `kennel` (`kennel_id`,`kennel_description`) VALUES (13,'A-13');
INSERT INTO `kennel` (`kennel_id`,`kennel_description`) VALUES (14,'A-14');
INSERT INTO `kennel` (`kennel_id`,`kennel_description`) VALUES (15,'A-15');
INSERT INTO `kennel` (`kennel_id`,`kennel_description`) VALUES (16,'A-16');
INSERT INTO `kennel` (`kennel_id`,`kennel_description`) VALUES (17,'C-7');
INSERT INTO `kennel` (`kennel_id`,`kennel_description`) VALUES (18,'C-8');
INSERT INTO `kennel` (`kennel_id`,`kennel_description`) VALUES (19,'C-9');
INSERT INTO `kennel` (`kennel_id`,`kennel_description`) VALUES (20,'C-10');
INSERT INTO `kennel` (`kennel_id`,`kennel_description`) VALUES (21,'C-11');
INSERT INTO `kennel` (`kennel_id`,`kennel_description`) VALUES (22,'C-12');
INSERT INTO `kennel` (`kennel_id`,`kennel_description`) VALUES (23,'C-13');
INSERT INTO `kennel` (`kennel_id`,`kennel_description`) VALUES (24,'C-14');
INSERT INTO `kennel` (`kennel_id`,`kennel_description`) VALUES (25,'C-15');
INSERT INTO `kennel` (`kennel_id`,`kennel_description`) VALUES (26,'C-16');
INSERT INTO `kennel` (`kennel_id`,`kennel_description`) VALUES (27,'C-17');
INSERT INTO `kennel` (`kennel_id`,`kennel_description`) VALUES (28,'C-18');
INSERT INTO `kennel` (`kennel_id`,`kennel_description`) VALUES (29,'C-19');
INSERT INTO `kennel` (`kennel_id`,`kennel_description`) VALUES (30,'C-20');
INSERT INTO `kennel` (`kennel_id`,`kennel_description`) VALUES (31,'C-21');
INSERT INTO `kennel` (`kennel_id`,`kennel_description`) VALUES (32,'C-22');
INSERT INTO `kennel` (`kennel_id`,`kennel_description`) VALUES (33,'C-23');
INSERT INTO `kennel` (`kennel_id`,`kennel_description`) VALUES (34,'C-24');
INSERT INTO `kennel` (`kennel_id`,`kennel_description`) VALUES (35,'C-25');
INSERT INTO `kennel` (`kennel_id`,`kennel_description`) VALUES (36,'C-26');
INSERT INTO `kennel` (`kennel_id`,`kennel_description`) VALUES (37,'C-27');
INSERT INTO `kennel` (`kennel_id`,`kennel_description`) VALUES (38,'C-28');
INSERT INTO `kennel` (`kennel_id`,`kennel_description`) VALUES (39,'C-29');
INSERT INTO `kennel` (`kennel_id`,`kennel_description`) VALUES (40,'C-30');
INSERT INTO `kennel` (`kennel_id`,`kennel_description`) VALUES (41,'C-31');
INSERT INTO `kennel` (`kennel_id`,`kennel_description`) VALUES (42,'C-32');
INSERT INTO `kennel` (`kennel_id`,`kennel_description`) VALUES (43,'C-33');
INSERT INTO `kennel` (`kennel_id`,`kennel_description`) VALUES (44,'C-34');
INSERT INTO `kennel` (`kennel_id`,`kennel_description`) VALUES (45,'C-35');
INSERT INTO `kennel` (`kennel_id`,`kennel_description`) VALUES (46,'Cooler');
INSERT INTO `kennel` (`kennel_id`,`kennel_description`) VALUES (47,'E-1');
INSERT INTO `kennel` (`kennel_id`,`kennel_description`) VALUES (48,'F-1');
INSERT INTO `kennel` (`kennel_id`,`kennel_description`) VALUES (49,'F-2');
INSERT INTO `kennel` (`kennel_id`,`kennel_description`) VALUES (50,'F-3');
INSERT INTO `kennel` (`kennel_id`,`kennel_description`) VALUES (51,'F-4');
INSERT INTO `kennel` (`kennel_id`,`kennel_description`) VALUES (52,'F-5');
INSERT INTO `kennel` (`kennel_id`,`kennel_description`) VALUES (53,'F-6');
INSERT INTO `kennel` (`kennel_id`,`kennel_description`) VALUES (54,'F-7');
INSERT INTO `kennel` (`kennel_id`,`kennel_description`) VALUES (55,'F-8');
INSERT INTO `kennel` (`kennel_id`,`kennel_description`) VALUES (56,'F-9');
INSERT INTO `kennel` (`kennel_id`,`kennel_description`) VALUES (57,'F-10');
INSERT INTO `kennel` (`kennel_id`,`kennel_description`) VALUES (58,'F-11');
INSERT INTO `kennel` (`kennel_id`,`kennel_description`) VALUES (59,'F-12');
INSERT INTO `kennel` (`kennel_id`,`kennel_description`) VALUES (60,'F-13');
INSERT INTO `kennel` (`kennel_id`,`kennel_description`) VALUES (61,'F-14');
INSERT INTO `kennel` (`kennel_id`,`kennel_description`) VALUES (62,'F-15');
INSERT INTO `kennel` (`kennel_id`,`kennel_description`) VALUES (63,'F-16');
INSERT INTO `kennel` (`kennel_id`,`kennel_description`) VALUES (64,'F-17');
INSERT INTO `kennel` (`kennel_id`,`kennel_description`) VALUES (65,'F-18');
INSERT INTO `kennel` (`kennel_id`,`kennel_description`) VALUES (66,'F-19');
INSERT INTO `kennel` (`kennel_id`,`kennel_description`) VALUES (67,'F-20');
INSERT INTO `kennel` (`kennel_id`,`kennel_description`) VALUES (68,'F-21');
INSERT INTO `kennel` (`kennel_id`,`kennel_description`) VALUES (69,'F-22');
INSERT INTO `kennel` (`kennel_id`,`kennel_description`) VALUES (70,'F-23');
INSERT INTO `kennel` (`kennel_id`,`kennel_description`) VALUES (71,'F-24');
INSERT INTO `kennel` (`kennel_id`,`kennel_description`) VALUES (72,'F-25');
INSERT INTO `kennel` (`kennel_id`,`kennel_description`) VALUES (73,'F-26');
INSERT INTO `kennel` (`kennel_id`,`kennel_description`) VALUES (74,'Freezer');
INSERT INTO `kennel` (`kennel_id`,`kennel_description`) VALUES (75,'G-1');
INSERT INTO `kennel` (`kennel_id`,`kennel_description`) VALUES (76,'G-2');
INSERT INTO `kennel` (`kennel_id`,`kennel_description`) VALUES (77,'G-3');
INSERT INTO `kennel` (`kennel_id`,`kennel_description`) VALUES (78,'G-4');
INSERT INTO `kennel` (`kennel_id`,`kennel_description`) VALUES (79,'G-5');
INSERT INTO `kennel` (`kennel_id`,`kennel_description`) VALUES (80,'G-6');
INSERT INTO `kennel` (`kennel_id`,`kennel_description`) VALUES (81,'G-7');
INSERT INTO `kennel` (`kennel_id`,`kennel_description`) VALUES (82,'G-8');
INSERT INTO `kennel` (`kennel_id`,`kennel_description`) VALUES (83,'G-9');
INSERT INTO `kennel` (`kennel_id`,`kennel_description`) VALUES (84,'G-10');
INSERT INTO `kennel` (`kennel_id`,`kennel_description`) VALUES (85,'G-11');
INSERT INTO `kennel` (`kennel_id`,`kennel_description`) VALUES (86,'G-12');
INSERT INTO `kennel` (`kennel_id`,`kennel_description`) VALUES (87,'G-13');
INSERT INTO `kennel` (`kennel_id`,`kennel_description`) VALUES (88,'H-1');
INSERT INTO `kennel` (`kennel_id`,`kennel_description`) VALUES (89,'H-2');
INSERT INTO `kennel` (`kennel_id`,`kennel_description`) VALUES (90,'H-3');
INSERT INTO `kennel` (`kennel_id`,`kennel_description`) VALUES (91,'H-4');
INSERT INTO `kennel` (`kennel_id`,`kennel_description`) VALUES (92,'H-5');
INSERT INTO `kennel` (`kennel_id`,`kennel_description`) VALUES (93,'H-6');
INSERT INTO `kennel` (`kennel_id`,`kennel_description`) VALUES (94,'H-7');
INSERT INTO `kennel` (`kennel_id`,`kennel_description`) VALUES (95,'H-8');
INSERT INTO `kennel` (`kennel_id`,`kennel_description`) VALUES (96,'H-9');
INSERT INTO `kennel` (`kennel_id`,`kennel_description`) VALUES (97,'H-10');
INSERT INTO `kennel` (`kennel_id`,`kennel_description`) VALUES (98,'H-11');
INSERT INTO `kennel` (`kennel_id`,`kennel_description`) VALUES (99,'H-12');
INSERT INTO `kennel` (`kennel_id`,`kennel_description`) VALUES (100,'H-13');
INSERT INTO `kennel` (`kennel_id`,`kennel_description`) VALUES (101,'H-14');
INSERT INTO `kennel` (`kennel_id`,`kennel_description`) VALUES (102,'H-15');
INSERT INTO `kennel` (`kennel_id`,`kennel_description`) VALUES (103,'H-16');
INSERT INTO `kennel` (`kennel_id`,`kennel_description`) VALUES (104,'H-17');
INSERT INTO `kennel` (`kennel_id`,`kennel_description`) VALUES (105,'H-18');
INSERT INTO `kennel` (`kennel_id`,`kennel_description`) VALUES (106,'H-19');
INSERT INTO `kennel` (`kennel_id`,`kennel_description`) VALUES (107,'H-20');
INSERT INTO `kennel` (`kennel_id`,`kennel_description`) VALUES (108,'H-21');
INSERT INTO `kennel` (`kennel_id`,`kennel_description`) VALUES (109,'H-22');
INSERT INTO `kennel` (`kennel_id`,`kennel_description`) VALUES (110,'H-23');
INSERT INTO `kennel` (`kennel_id`,`kennel_description`) VALUES (111,'H-24');
INSERT INTO `kennel` (`kennel_id`,`kennel_description`) VALUES (112,'H-25');
INSERT INTO `kennel` (`kennel_id`,`kennel_description`) VALUES (113,'H-26');
INSERT INTO `kennel` (`kennel_id`,`kennel_description`) VALUES (114,'H-27');
INSERT INTO `kennel` (`kennel_id`,`kennel_description`) VALUES (115,'H-28');
INSERT INTO `kennel` (`kennel_id`,`kennel_description`) VALUES (116,'H-29');
INSERT INTO `kennel` (`kennel_id`,`kennel_description`) VALUES (117,'H-30');
INSERT INTO `kennel` (`kennel_id`,`kennel_description`) VALUES (118,'H-31');
INSERT INTO `kennel` (`kennel_id`,`kennel_description`) VALUES (119,'H-32');
INSERT INTO `kennel` (`kennel_id`,`kennel_description`) VALUES (120,'H-33');
INSERT INTO `kennel` (`kennel_id`,`kennel_description`) VALUES (121,'H-34');
INSERT INTO `kennel` (`kennel_id`,`kennel_description`) VALUES (122,'H-35');
INSERT INTO `kennel` (`kennel_id`,`kennel_description`) VALUES (123,'H-36');
INSERT INTO `kennel` (`kennel_id`,`kennel_description`) VALUES (124,'H-37');
INSERT INTO `kennel` (`kennel_id`,`kennel_description`) VALUES (125,'H-38');
INSERT INTO `kennel` (`kennel_id`,`kennel_description`) VALUES (126,'H-39');
INSERT INTO `kennel` (`kennel_id`,`kennel_description`) VALUES (127,'Home Quar');
INSERT INTO `kennel` (`kennel_id`,`kennel_description`) VALUES (128,'I-1');
INSERT INTO `kennel` (`kennel_id`,`kennel_description`) VALUES (129,'I-2');
INSERT INTO `kennel` (`kennel_id`,`kennel_description`) VALUES (130,'I-3');
INSERT INTO `kennel` (`kennel_id`,`kennel_description`) VALUES (131,'I-4');
INSERT INTO `kennel` (`kennel_id`,`kennel_description`) VALUES (132,'I-5');
INSERT INTO `kennel` (`kennel_id`,`kennel_description`) VALUES (133,'I-6');
INSERT INTO `kennel` (`kennel_id`,`kennel_description`) VALUES (134,'I-7');
INSERT INTO `kennel` (`kennel_id`,`kennel_description`) VALUES (135,'I-8');
INSERT INTO `kennel` (`kennel_id`,`kennel_description`) VALUES (136,'I-9');
INSERT INTO `kennel` (`kennel_id`,`kennel_description`) VALUES (137,'I-10');
INSERT INTO `kennel` (`kennel_id`,`kennel_description`) VALUES (138,'I-11');
INSERT INTO `kennel` (`kennel_id`,`kennel_description`) VALUES (139,'I-12');
INSERT INTO `kennel` (`kennel_id`,`kennel_description`) VALUES (140,'I-13');
INSERT INTO `kennel` (`kennel_id`,`kennel_description`) VALUES (141,'I-14');
INSERT INTO `kennel` (`kennel_id`,`kennel_description`) VALUES (142,'I-15');
INSERT INTO `kennel` (`kennel_id`,`kennel_description`) VALUES (143,'I-16');
INSERT INTO `kennel` (`kennel_id`,`kennel_description`) VALUES (144,'I-17');
INSERT INTO `kennel` (`kennel_id`,`kennel_description`) VALUES (145,'I-18');
INSERT INTO `kennel` (`kennel_id`,`kennel_description`) VALUES (146,'I-19');
INSERT INTO `kennel` (`kennel_id`,`kennel_description`) VALUES (147,'I-20');
INSERT INTO `kennel` (`kennel_id`,`kennel_description`) VALUES (148,'I-21');
INSERT INTO `kennel` (`kennel_id`,`kennel_description`) VALUES (149,'I-22');
INSERT INTO `kennel` (`kennel_id`,`kennel_description`) VALUES (150,'I-23');
INSERT INTO `kennel` (`kennel_id`,`kennel_description`) VALUES (151,'I-24');
INSERT INTO `kennel` (`kennel_id`,`kennel_description`) VALUES (152,'I-25');
INSERT INTO `kennel` (`kennel_id`,`kennel_description`) VALUES (153,'I-26');
INSERT INTO `kennel` (`kennel_id`,`kennel_description`) VALUES (154,'I-27');
INSERT INTO `kennel` (`kennel_id`,`kennel_description`) VALUES (155,'I-28');
INSERT INTO `kennel` (`kennel_id`,`kennel_description`) VALUES (156,'I-29');
INSERT INTO `kennel` (`kennel_id`,`kennel_description`) VALUES (157,'I-30');
INSERT INTO `kennel` (`kennel_id`,`kennel_description`) VALUES (158,'I-31');
INSERT INTO `kennel` (`kennel_id`,`kennel_description`) VALUES (159,'I-32');
INSERT INTO `kennel` (`kennel_id`,`kennel_description`) VALUES (160,'I-33');
INSERT INTO `kennel` (`kennel_id`,`kennel_description`) VALUES (161,'I-34');
INSERT INTO `kennel` (`kennel_id`,`kennel_description`) VALUES (162,'I-35');
INSERT INTO `kennel` (`kennel_id`,`kennel_description`) VALUES (163,'I-36');
INSERT INTO `kennel` (`kennel_id`,`kennel_description`) VALUES (164,'I-37');
INSERT INTO `kennel` (`kennel_id`,`kennel_description`) VALUES (165,'I-38');
INSERT INTO `kennel` (`kennel_id`,`kennel_description`) VALUES (166,'I-39');
INSERT INTO `kennel` (`kennel_id`,`kennel_description`) VALUES (167,'I-40');
INSERT INTO `kennel` (`kennel_id`,`kennel_description`) VALUES (168,'I-41');
INSERT INTO `kennel` (`kennel_id`,`kennel_description`) VALUES (169,'I-42');
INSERT INTO `kennel` (`kennel_id`,`kennel_description`) VALUES (170,'I-43');
INSERT INTO `kennel` (`kennel_id`,`kennel_description`) VALUES (171,'I-44');
INSERT INTO `kennel` (`kennel_id`,`kennel_description`) VALUES (172,'I-45');
INSERT INTO `kennel` (`kennel_id`,`kennel_description`) VALUES (173,'I-46');
INSERT INTO `kennel` (`kennel_id`,`kennel_description`) VALUES (174,'I-47');
INSERT INTO `kennel` (`kennel_id`,`kennel_description`) VALUES (175,'I-48');
INSERT INTO `kennel` (`kennel_id`,`kennel_description`) VALUES (176,'I-49');
INSERT INTO `kennel` (`kennel_id`,`kennel_description`) VALUES (177,'I-50');
INSERT INTO `kennel` (`kennel_id`,`kennel_description`) VALUES (178,'I-51');
INSERT INTO `kennel` (`kennel_id`,`kennel_description`) VALUES (179,'I-52');
INSERT INTO `kennel` (`kennel_id`,`kennel_description`) VALUES (180,'I-53');
INSERT INTO `kennel` (`kennel_id`,`kennel_description`) VALUES (181,'I-54');
INSERT INTO `kennel` (`kennel_id`,`kennel_description`) VALUES (182,'I-55');
INSERT INTO `kennel` (`kennel_id`,`kennel_description`) VALUES (183,'I-56');
INSERT INTO `kennel` (`kennel_id`,`kennel_description`) VALUES (184,'I-57');
INSERT INTO `kennel` (`kennel_id`,`kennel_description`) VALUES (185,'I-58');
INSERT INTO `kennel` (`kennel_id`,`kennel_description`) VALUES (186,'I-59');
INSERT INTO `kennel` (`kennel_id`,`kennel_description`) VALUES (187,'I-60');
INSERT INTO `kennel` (`kennel_id`,`kennel_description`) VALUES (188,'I-61');
INSERT INTO `kennel` (`kennel_id`,`kennel_description`) VALUES (189,'I-62');
INSERT INTO `kennel` (`kennel_id`,`kennel_description`) VALUES (190,'K-1');
INSERT INTO `kennel` (`kennel_id`,`kennel_description`) VALUES (191,'K-2');
INSERT INTO `kennel` (`kennel_id`,`kennel_description`) VALUES (192,'K-3');
INSERT INTO `kennel` (`kennel_id`,`kennel_description`) VALUES (193,'K-4');
INSERT INTO `kennel` (`kennel_id`,`kennel_description`) VALUES (194,'K-5');
INSERT INTO `kennel` (`kennel_id`,`kennel_description`) VALUES (195,'K-6');
INSERT INTO `kennel` (`kennel_id`,`kennel_description`) VALUES (196,'K-7');
INSERT INTO `kennel` (`kennel_id`,`kennel_description`) VALUES (197,'K-8');
INSERT INTO `kennel` (`kennel_id`,`kennel_description`) VALUES (198,'K-9');
INSERT INTO `kennel` (`kennel_id`,`kennel_description`) VALUES (199,'K-10');
INSERT INTO `kennel` (`kennel_id`,`kennel_description`) VALUES (200,'K-11');
INSERT INTO `kennel` (`kennel_id`,`kennel_description`) VALUES (201,'K-12');
INSERT INTO `kennel` (`kennel_id`,`kennel_description`) VALUES (202,'K-13');
INSERT INTO `kennel` (`kennel_id`,`kennel_description`) VALUES (203,'K-14');
INSERT INTO `kennel` (`kennel_id`,`kennel_description`) VALUES (204,'K-15');
INSERT INTO `kennel` (`kennel_id`,`kennel_description`) VALUES (205,'K-16');
INSERT INTO `kennel` (`kennel_id`,`kennel_description`) VALUES (206,'K-17');
INSERT INTO `kennel` (`kennel_id`,`kennel_description`) VALUES (207,'K-18');
INSERT INTO `kennel` (`kennel_id`,`kennel_description`) VALUES (208,'K-19');
INSERT INTO `kennel` (`kennel_id`,`kennel_description`) VALUES (209,'K-20');
INSERT INTO `kennel` (`kennel_id`,`kennel_description`) VALUES (210,'K-21');
INSERT INTO `kennel` (`kennel_id`,`kennel_description`) VALUES (211,'K-22');
INSERT INTO `kennel` (`kennel_id`,`kennel_description`) VALUES (212,'K-23');
INSERT INTO `kennel` (`kennel_id`,`kennel_description`) VALUES (213,'K-24');
INSERT INTO `kennel` (`kennel_id`,`kennel_description`) VALUES (214,'K-25');
INSERT INTO `kennel` (`kennel_id`,`kennel_description`) VALUES (215,'K-26');
INSERT INTO `kennel` (`kennel_id`,`kennel_description`) VALUES (216,'K-27');
INSERT INTO `kennel` (`kennel_id`,`kennel_description`) VALUES (217,'K-28');
INSERT INTO `kennel` (`kennel_id`,`kennel_description`) VALUES (218,'K-29');
INSERT INTO `kennel` (`kennel_id`,`kennel_description`) VALUES (219,'K-30');
INSERT INTO `kennel` (`kennel_id`,`kennel_description`) VALUES (220,'K-31');
INSERT INTO `kennel` (`kennel_id`,`kennel_description`) VALUES (221,'K-32');
INSERT INTO `kennel` (`kennel_id`,`kennel_description`) VALUES (222,'K-33');
INSERT INTO `kennel` (`kennel_id`,`kennel_description`) VALUES (223,'K-34');
INSERT INTO `kennel` (`kennel_id`,`kennel_description`) VALUES (224,'K-35');
INSERT INTO `kennel` (`kennel_id`,`kennel_description`) VALUES (225,'K-36');
INSERT INTO `kennel` (`kennel_id`,`kennel_description`) VALUES (226,'K-37');
INSERT INTO `kennel` (`kennel_id`,`kennel_description`) VALUES (227,'K-38');
INSERT INTO `kennel` (`kennel_id`,`kennel_description`) VALUES (228,'K-39');
INSERT INTO `kennel` (`kennel_id`,`kennel_description`) VALUES (229,'K-40');
INSERT INTO `kennel` (`kennel_id`,`kennel_description`) VALUES (230,'K-41');
INSERT INTO `kennel` (`kennel_id`,`kennel_description`) VALUES (231,'K-42');
INSERT INTO `kennel` (`kennel_id`,`kennel_description`) VALUES (232,'K-43');
INSERT INTO `kennel` (`kennel_id`,`kennel_description`) VALUES (233,'K-44');
INSERT INTO `kennel` (`kennel_id`,`kennel_description`) VALUES (234,'K-45');
INSERT INTO `kennel` (`kennel_id`,`kennel_description`) VALUES (235,'K-46');
INSERT INTO `kennel` (`kennel_id`,`kennel_description`) VALUES (236,'K-47');
INSERT INTO `kennel` (`kennel_id`,`kennel_description`) VALUES (237,'K-48');
INSERT INTO `kennel` (`kennel_id`,`kennel_description`) VALUES (238,'K-49');
INSERT INTO `kennel` (`kennel_id`,`kennel_description`) VALUES (239,'K-50');
INSERT INTO `kennel` (`kennel_id`,`kennel_description`) VALUES (240,'K-51');
INSERT INTO `kennel` (`kennel_id`,`kennel_description`) VALUES (241,'K-52');
INSERT INTO `kennel` (`kennel_id`,`kennel_description`) VALUES (242,'K-53');
INSERT INTO `kennel` (`kennel_id`,`kennel_description`) VALUES (243,'K-54');
INSERT INTO `kennel` (`kennel_id`,`kennel_description`) VALUES (244,'K-55');
INSERT INTO `kennel` (`kennel_id`,`kennel_description`) VALUES (245,'K-56');
INSERT INTO `kennel` (`kennel_id`,`kennel_description`) VALUES (246,'K-57');
INSERT INTO `kennel` (`kennel_id`,`kennel_description`) VALUES (247,'K-58');
INSERT INTO `kennel` (`kennel_id`,`kennel_description`) VALUES (248,'K-59');
INSERT INTO `kennel` (`kennel_id`,`kennel_description`) VALUES (249,'K-60');
INSERT INTO `kennel` (`kennel_id`,`kennel_description`) VALUES (250,'K-61');
INSERT INTO `kennel` (`kennel_id`,`kennel_description`) VALUES (251,'M-1');
INSERT INTO `kennel` (`kennel_id`,`kennel_description`) VALUES (252,'M-2');
INSERT INTO `kennel` (`kennel_id`,`kennel_description`) VALUES (253,'M-3');
INSERT INTO `kennel` (`kennel_id`,`kennel_description`) VALUES (254,'M-4');
INSERT INTO `kennel` (`kennel_id`,`kennel_description`) VALUES (255,'M-5');
INSERT INTO `kennel` (`kennel_id`,`kennel_description`) VALUES (256,'M-6');
INSERT INTO `kennel` (`kennel_id`,`kennel_description`) VALUES (257,'M-7');
INSERT INTO `kennel` (`kennel_id`,`kennel_description`) VALUES (258,'Office');
INSERT INTO `kennel` (`kennel_id`,`kennel_description`) VALUES (259,'P-1');
INSERT INTO `kennel` (`kennel_id`,`kennel_description`) VALUES (260,'P-2');
INSERT INTO `kennel` (`kennel_id`,`kennel_description`) VALUES (261,'P-3');
INSERT INTO `kennel` (`kennel_id`,`kennel_description`) VALUES (262,'P-4');
INSERT INTO `kennel` (`kennel_id`,`kennel_description`) VALUES (263,'P-5');
INSERT INTO `kennel` (`kennel_id`,`kennel_description`) VALUES (264,'P-6');
INSERT INTO `kennel` (`kennel_id`,`kennel_description`) VALUES (265,'P-7');
INSERT INTO `kennel` (`kennel_id`,`kennel_description`) VALUES (266,'P-8');
INSERT INTO `kennel` (`kennel_id`,`kennel_description`) VALUES (267,'P-9');
INSERT INTO `kennel` (`kennel_id`,`kennel_description`) VALUES (268,'P-10');
INSERT INTO `kennel` (`kennel_id`,`kennel_description`) VALUES (269,'P-11');
INSERT INTO `kennel` (`kennel_id`,`kennel_description`) VALUES (270,'P-12');
INSERT INTO `kennel` (`kennel_id`,`kennel_description`) VALUES (271,'P-13');
INSERT INTO `kennel` (`kennel_id`,`kennel_description`) VALUES (272,'P-14');
INSERT INTO `kennel` (`kennel_id`,`kennel_description`) VALUES (273,'P-15');
INSERT INTO `kennel` (`kennel_id`,`kennel_description`) VALUES (274,'P-16');
INSERT INTO `kennel` (`kennel_id`,`kennel_description`) VALUES (275,'Q-1');
INSERT INTO `kennel` (`kennel_id`,`kennel_description`) VALUES (276,'Q-2');
INSERT INTO `kennel` (`kennel_id`,`kennel_description`) VALUES (277,'Q-3');
INSERT INTO `kennel` (`kennel_id`,`kennel_description`) VALUES (278,'Q-4');
INSERT INTO `kennel` (`kennel_id`,`kennel_description`) VALUES (279,'Q-5');
INSERT INTO `kennel` (`kennel_id`,`kennel_description`) VALUES (280,'Q-6');
INSERT INTO `kennel` (`kennel_id`,`kennel_description`) VALUES (281,'Q-7');
INSERT INTO `kennel` (`kennel_id`,`kennel_description`) VALUES (282,'Q-8');
INSERT INTO `kennel` (`kennel_id`,`kennel_description`) VALUES (283,'Q-9');
INSERT INTO `kennel` (`kennel_id`,`kennel_description`) VALUES (284,'Q-10');
INSERT INTO `kennel` (`kennel_id`,`kennel_description`) VALUES (285,'Q-11');
INSERT INTO `kennel` (`kennel_id`,`kennel_description`) VALUES (286,'Q-12');
INSERT INTO `kennel` (`kennel_id`,`kennel_description`) VALUES (287,'Q-13');
INSERT INTO `kennel` (`kennel_id`,`kennel_description`) VALUES (288,'Q-14');
INSERT INTO `kennel` (`kennel_id`,`kennel_description`) VALUES (289,'Q-15');
INSERT INTO `kennel` (`kennel_id`,`kennel_description`) VALUES (290,'Q-16');
INSERT INTO `kennel` (`kennel_id`,`kennel_description`) VALUES (291,'Receiving');
INSERT INTO `kennel` (`kennel_id`,`kennel_description`) VALUES (292,'Truck');
INSERT INTO `kennel` (`kennel_id`,`kennel_description`) VALUES (293,'Vet');
INSERT INTO `kennel` (`kennel_id`,`kennel_description`) VALUES (294,'X-1');
INSERT INTO `kennel` (`kennel_id`,`kennel_description`) VALUES (295,'C-1');
INSERT INTO `kennel` (`kennel_id`,`kennel_description`) VALUES (296,'C-2');
INSERT INTO `kennel` (`kennel_id`,`kennel_description`) VALUES (297,'C-3');
INSERT INTO `kennel` (`kennel_id`,`kennel_description`) VALUES (298,'C-4');
INSERT INTO `kennel` (`kennel_id`,`kennel_description`) VALUES (299,'C-5');

INSERT INTO `animal` (`animal_id`,`db_bridge_id`,`kennel_id`,`animal_name`,`species`,`birth_date`,`sex`,`altered`,`micro_chip`,`due_out_date`,`intake_date`,`weight`,`adopted`,`active`) VALUES (124175,'A124175',47,'Abbie',1,'2008-1-1','Female',1,NULL,'2022-1-5','2000-1-1',0,0,1);
INSERT INTO `animal` (`animal_id`,`db_bridge_id`,`kennel_id`,`animal_name`,`species`,`birth_date`,`sex`,`altered`,`micro_chip`,`due_out_date`,`intake_date`,`weight`,`adopted`,`active`) VALUES (173248,'A173248',252,'Scrap',2,'2016-1-1','Male',1,'981020013400240    ','2022-3-25','2000-1-1',0,0,1);
INSERT INTO `animal` (`animal_id`,`db_bridge_id`,`kennel_id`,`animal_name`,`species`,`birth_date`,`sex`,`altered`,`micro_chip`,`due_out_date`,`intake_date`,`weight`,`adopted`,`active`) VALUES (173843,'A173843',193,'Mickey',2,'2014-1-1','Male',1,'981020017884502    ','2022-1-12','2000-1-1',0,0,1);
INSERT INTO `animal` (`animal_id`,`db_bridge_id`,`kennel_id`,`animal_name`,`species`,`birth_date`,`sex`,`altered`,`micro_chip`,`due_out_date`,`intake_date`,`weight`,`adopted`,`active`) VALUES (184279,'A184279',16,'Moose',1,'2017-1-1','Male',1,'981020023252671    ','2022-3-14','2000-1-1',0,0,1);
INSERT INTO `animal` (`animal_id`,`db_bridge_id`,`kennel_id`,`animal_name`,`species`,`birth_date`,`sex`,`altered`,`micro_chip`,`due_out_date`,`intake_date`,`weight`,`adopted`,`active`) VALUES (185549,'A185549',127,'Loka',1,'2016-1-1','Female',1,'981020023226406    ','2021-12-20','2000-1-1',0,0,1);
INSERT INTO `animal` (`animal_id`,`db_bridge_id`,`kennel_id`,`animal_name`,`species`,`birth_date`,`sex`,`altered`,`micro_chip`,`due_out_date`,`intake_date`,`weight`,`adopted`,`active`) VALUES (186463,'A186463',138,'Captain',2,'2015-1-1','Male',1,'956000004140503    ','2022-1-31','2000-1-1',0,0,1);
INSERT INTO `animal` (`animal_id`,`db_bridge_id`,`kennel_id`,`animal_name`,`species`,`birth_date`,`sex`,`altered`,`micro_chip`,`due_out_date`,`intake_date`,`weight`,`adopted`,`active`) VALUES (188127,'A188127',6,'Buddy',1,'2016-1-1','Male',1,'981020027153291    ','2022-2-24','2000-1-1',0,0,1);
INSERT INTO `animal` (`animal_id`,`db_bridge_id`,`kennel_id`,`animal_name`,`species`,`birth_date`,`sex`,`altered`,`micro_chip`,`due_out_date`,`intake_date`,`weight`,`adopted`,`active`) VALUES (194068,'A194068',2,'Aurora',1,'2016-1-1','Female',1,NULL,'2022-3-16','2000-1-1',0,0,1);
INSERT INTO `animal` (`animal_id`,`db_bridge_id`,`kennel_id`,`animal_name`,`species`,`birth_date`,`sex`,`altered`,`micro_chip`,`due_out_date`,`intake_date`,`weight`,`adopted`,`active`) VALUES (195932,'A195932',93,'Tyson',1,'2018-1-1','Male',1,'981020045465077    ','2022-3-24','2000-1-1',0,0,1);
INSERT INTO `animal` (`animal_id`,`db_bridge_id`,`kennel_id`,`animal_name`,`species`,`birth_date`,`sex`,`altered`,`micro_chip`,`due_out_date`,`intake_date`,`weight`,`adopted`,`active`) VALUES (197411,'A197411',171,'Ellie',2,'2018-1-1','Female',1,'981020025217682    ','2022-1-26','2000-1-1',0,0,1);
INSERT INTO `animal` (`animal_id`,`db_bridge_id`,`kennel_id`,`animal_name`,`species`,`birth_date`,`sex`,`altered`,`micro_chip`,`due_out_date`,`intake_date`,`weight`,`adopted`,`active`) VALUES (197766,'A197766',7,'Jack',1,'2019-1-1','Male',0,'981020031197300    ','2022-3-8','2000-1-1',0,0,1);
INSERT INTO `animal` (`animal_id`,`db_bridge_id`,`kennel_id`,`animal_name`,`species`,`birth_date`,`sex`,`altered`,`micro_chip`,`due_out_date`,`intake_date`,`weight`,`adopted`,`active`) VALUES (199662,'A199662',3,'Tish',1,'2018-1-1','Female',0,'981020031269641    ','2022-1-21','2000-1-1',0,0,1);
INSERT INTO `animal` (`animal_id`,`db_bridge_id`,`kennel_id`,`animal_name`,`species`,`birth_date`,`sex`,`altered`,`micro_chip`,`due_out_date`,`intake_date`,`weight`,`adopted`,`active`) VALUES (199766,'A199766',3,'Simba',1,'2019-1-1','Male',1,'981020031542500    ','2022-3-15','2000-1-1',0,0,1);
INSERT INTO `animal` (`animal_id`,`db_bridge_id`,`kennel_id`,`animal_name`,`species`,`birth_date`,`sex`,`altered`,`micro_chip`,`due_out_date`,`intake_date`,`weight`,`adopted`,`active`) VALUES (201956,'A201956',258,'Yuri',2,'2020-1-1','Male',1,'None','2022-3-17','2000-1-1',0,0,1);
INSERT INTO `animal` (`animal_id`,`db_bridge_id`,`kennel_id`,`animal_name`,`species`,`birth_date`,`sex`,`altered`,`micro_chip`,`due_out_date`,`intake_date`,`weight`,`adopted`,`active`) VALUES (206997,'A206997',74,'',2,'2021-1-1','Male',1,'None','2021-3-15','2000-1-1',0,0,1);
INSERT INTO `animal` (`animal_id`,`db_bridge_id`,`kennel_id`,`animal_name`,`species`,`birth_date`,`sex`,`altered`,`micro_chip`,`due_out_date`,`intake_date`,`weight`,`adopted`,`active`) VALUES (207540,'A207540',74,'',1,'2021-1-1','Female',0,'None','2021-4-20','2000-1-1',0,0,1);
INSERT INTO `animal` (`animal_id`,`db_bridge_id`,`kennel_id`,`animal_name`,`species`,`birth_date`,`sex`,`altered`,`micro_chip`,`due_out_date`,`intake_date`,`weight`,`adopted`,`active`) VALUES (207659,'A207659',124,'Titus',1,'2018-1-1','TRUE',1,'839*259*304','2022-3-24','2000-1-1',0,0,1);
INSERT INTO `animal` (`animal_id`,`db_bridge_id`,`kennel_id`,`animal_name`,`species`,`birth_date`,`sex`,`altered`,`micro_chip`,`due_out_date`,`intake_date`,`weight`,`adopted`,`active`) VALUES (208488,'A208488',274,'Rocky',1,'2017-1-1','Male',1,'981020043023718    ','2022-3-24','2000-1-1',0,0,1);
INSERT INTO `animal` (`animal_id`,`db_bridge_id`,`kennel_id`,`animal_name`,`species`,`birth_date`,`sex`,`altered`,`micro_chip`,`due_out_date`,`intake_date`,`weight`,`adopted`,`active`) VALUES (209008,'A209008',110,'Tank',1,'2020-8-1','Male',0,'981020043698926    ','2022-2-10','2000-1-1',0,0,1);
INSERT INTO `animal` (`animal_id`,`db_bridge_id`,`kennel_id`,`animal_name`,`species`,`birth_date`,`sex`,`altered`,`micro_chip`,`due_out_date`,`intake_date`,`weight`,`adopted`,`active`) VALUES (209265,'A209265',18,'Salem',2,'2020-1-1','Male',1,'981020043673060    ','2022-1-20','2000-1-1',0,0,1);
INSERT INTO `animal` (`animal_id`,`db_bridge_id`,`kennel_id`,`animal_name`,`species`,`birth_date`,`sex`,`altered`,`micro_chip`,`due_out_date`,`intake_date`,`weight`,`adopted`,`active`) VALUES (209547,'A209547',8,'Lola',1,'2020-10-1','Female',0,'981020043676609    ','2021-12-28','2000-1-1',0,0,1);
INSERT INTO `animal` (`animal_id`,`db_bridge_id`,`kennel_id`,`animal_name`,`species`,`birth_date`,`sex`,`altered`,`micro_chip`,`due_out_date`,`intake_date`,`weight`,`adopted`,`active`) VALUES (209558,'A209558',74,'',1,'2012-1-1','Male',1,NULL,'2021-8-19','2000-1-1',0,0,1);
INSERT INTO `animal` (`animal_id`,`db_bridge_id`,`kennel_id`,`animal_name`,`species`,`birth_date`,`sex`,`altered`,`micro_chip`,`due_out_date`,`intake_date`,`weight`,`adopted`,`active`) VALUES (210164,'A210164',36,'Ursula',2,'2019-1-1','Female',1,'None','2021-10-7','2000-1-1',0,0,1);
INSERT INTO `animal` (`animal_id`,`db_bridge_id`,`kennel_id`,`animal_name`,`species`,`birth_date`,`sex`,`altered`,`micro_chip`,`due_out_date`,`intake_date`,`weight`,`adopted`,`active`) VALUES (210287,'A210287',191,'Shirpa',2,'2017-1-1','Female',1,'981020045369324    ','2022-1-18','2000-1-1',0,0,1);
INSERT INTO `animal` (`animal_id`,`db_bridge_id`,`kennel_id`,`animal_name`,`species`,`birth_date`,`sex`,`altered`,`micro_chip`,`due_out_date`,`intake_date`,`weight`,`adopted`,`active`) VALUES (210394,'A210394',258,'Bonnie',2,'2017-1-1','Female',1,'981020045360493    ','2022-1-18','2000-1-1',0,0,1);
INSERT INTO `animal` (`animal_id`,`db_bridge_id`,`kennel_id`,`animal_name`,`species`,`birth_date`,`sex`,`altered`,`micro_chip`,`due_out_date`,`intake_date`,`weight`,`adopted`,`active`) VALUES (210488,'A210488',74,'',1,NULL,'Female',0,'981020035702662    ','2021-10-26','2000-1-1',0,0,1);
INSERT INTO `animal` (`animal_id`,`db_bridge_id`,`kennel_id`,`animal_name`,`species`,`birth_date`,`sex`,`altered`,`micro_chip`,`due_out_date`,`intake_date`,`weight`,`adopted`,`active`) VALUES (210593,'A210593',13,'Britney',1,'2020-1-1','Female',1,'981020045357644    ','2022-1-18','2000-1-1',0,0,1);
INSERT INTO `animal` (`animal_id`,`db_bridge_id`,`kennel_id`,`animal_name`,`species`,`birth_date`,`sex`,`altered`,`micro_chip`,`due_out_date`,`intake_date`,`weight`,`adopted`,`active`) VALUES (210615,'A210615',102,'Bruno',1,'2020-11-1','Male',0,'981020041701414    ','2022-1-28','2000-1-1',0,0,1);
INSERT INTO `animal` (`animal_id`,`db_bridge_id`,`kennel_id`,`animal_name`,`species`,`birth_date`,`sex`,`altered`,`micro_chip`,`due_out_date`,`intake_date`,`weight`,`adopted`,`active`) VALUES (210689,'A210689',74,'',2,'2008-1-1','Male',1,'None','2021-11-8','2000-1-1',0,0,1);
INSERT INTO `animal` (`animal_id`,`db_bridge_id`,`kennel_id`,`animal_name`,`species`,`birth_date`,`sex`,`altered`,`micro_chip`,`due_out_date`,`intake_date`,`weight`,`adopted`,`active`) VALUES (210725,'A210725',105,'Tatiana',1,'2020-1-1','Female',0,NULL,'2022-2-28','2000-1-1',0,0,1);
INSERT INTO `animal` (`animal_id`,`db_bridge_id`,`kennel_id`,`animal_name`,`species`,`birth_date`,`sex`,`altered`,`micro_chip`,`due_out_date`,`intake_date`,`weight`,`adopted`,`active`) VALUES (210728,'A210728',241,'Beef Stroganoff',2,'2018-1-1','Male ',1,'985112011041354    ','2021-12-29','2000-1-1',0,0,1);
INSERT INTO `animal` (`animal_id`,`db_bridge_id`,`kennel_id`,`animal_name`,`species`,`birth_date`,`sex`,`altered`,`micro_chip`,`due_out_date`,`intake_date`,`weight`,`adopted`,`active`) VALUES (210729,'A210729',74,'',1,'2008-1-1','Female',1,'None','2021-11-10','2000-1-1',0,0,1);
INSERT INTO `animal` (`animal_id`,`db_bridge_id`,`kennel_id`,`animal_name`,`species`,`birth_date`,`sex`,`altered`,`micro_chip`,`due_out_date`,`intake_date`,`weight`,`adopted`,`active`) VALUES (210735,'A210735',6,'Jazz',1,'2020-1-1','Female',1,'985113005352220    ','2021-12-8','2000-1-1',0,0,1);
INSERT INTO `animal` (`animal_id`,`db_bridge_id`,`kennel_id`,`animal_name`,`species`,`birth_date`,`sex`,`altered`,`micro_chip`,`due_out_date`,`intake_date`,`weight`,`adopted`,`active`) VALUES (210799,'A210799',72,'Lucy',2,'2019-1-1','Female',1,'981020045388305    ','2022-2-2','2000-1-1',0,0,1);
INSERT INTO `animal` (`animal_id`,`db_bridge_id`,`kennel_id`,`animal_name`,`species`,`birth_date`,`sex`,`altered`,`micro_chip`,`due_out_date`,`intake_date`,`weight`,`adopted`,`active`) VALUES (210809,'A210809',73,'Clarinet',2,'2018-1-1','Female',1,NULL,'2022-1-21','2000-1-1',0,0,1);
INSERT INTO `animal` (`animal_id`,`db_bridge_id`,`kennel_id`,`animal_name`,`species`,`birth_date`,`sex`,`altered`,`micro_chip`,`due_out_date`,`intake_date`,`weight`,`adopted`,`active`) VALUES (210847,'A210847',74,'',1,'2006-1-1','Female',1,NULL,'2021-11-19','2000-1-1',0,0,1);
INSERT INTO `animal` (`animal_id`,`db_bridge_id`,`kennel_id`,`animal_name`,`species`,`birth_date`,`sex`,`altered`,`micro_chip`,`due_out_date`,`intake_date`,`weight`,`adopted`,`active`) VALUES (210855,'A210855',74,'',2,'2007-1-1','Female',1,'None','2021-11-19','2000-1-1',0,0,1);
INSERT INTO `animal` (`animal_id`,`db_bridge_id`,`kennel_id`,`animal_name`,`species`,`birth_date`,`sex`,`altered`,`micro_chip`,`due_out_date`,`intake_date`,`weight`,`adopted`,`active`) VALUES (210877,'A210877',74,'',2,'2004-1-1','Male',1,'None','2021-11-22','2000-1-1',0,0,1);
INSERT INTO `animal` (`animal_id`,`db_bridge_id`,`kennel_id`,`animal_name`,`species`,`birth_date`,`sex`,`altered`,`micro_chip`,`due_out_date`,`intake_date`,`weight`,`adopted`,`active`) VALUES (210904,'A210904',47,'Spinner',1,'2004-1-1','Female',1,'981020045527488    ','2022-1-11','2000-1-1',0,0,1);
INSERT INTO `animal` (`animal_id`,`db_bridge_id`,`kennel_id`,`animal_name`,`species`,`birth_date`,`sex`,`altered`,`micro_chip`,`due_out_date`,`intake_date`,`weight`,`adopted`,`active`) VALUES (210950,'A210950',293,'',1,NULL,'Male',0,'None','2021-12-3','2000-1-1',0,0,1);
INSERT INTO `animal` (`animal_id`,`db_bridge_id`,`kennel_id`,`animal_name`,`species`,`birth_date`,`sex`,`altered`,`micro_chip`,`due_out_date`,`intake_date`,`weight`,`adopted`,`active`) VALUES (210997,'A210997',117,'Chente',1,'2020-12-1','Male',0,NULL,'2022-1-5','2000-1-1',0,0,1);
INSERT INTO `animal` (`animal_id`,`db_bridge_id`,`kennel_id`,`animal_name`,`species`,`birth_date`,`sex`,`altered`,`micro_chip`,`due_out_date`,`intake_date`,`weight`,`adopted`,`active`) VALUES (211013,'A211013',105,'Aspen',1,'2013-1-1','Female',1,'None','2022-1-31','2000-1-1',0,0,1);
INSERT INTO `animal` (`animal_id`,`db_bridge_id`,`kennel_id`,`animal_name`,`species`,`birth_date`,`sex`,`altered`,`micro_chip`,`due_out_date`,`intake_date`,`weight`,`adopted`,`active`) VALUES (211020,'A211020',252,'Purrsephone',2,'2020-12-1','Female',1,'None','2022-1-16','2000-1-1',0,0,1);
INSERT INTO `animal` (`animal_id`,`db_bridge_id`,`kennel_id`,`animal_name`,`species`,`birth_date`,`sex`,`altered`,`micro_chip`,`due_out_date`,`intake_date`,`weight`,`adopted`,`active`) VALUES (211028,'A211028',7,'Coalette',1,'2021-4-1','Female',0,'981020041697735    ','2021-12-8','2000-1-1',0,0,1);
INSERT INTO `animal` (`animal_id`,`db_bridge_id`,`kennel_id`,`animal_name`,`species`,`birth_date`,`sex`,`altered`,`micro_chip`,`due_out_date`,`intake_date`,`weight`,`adopted`,`active`) VALUES (211041,'A211041',94,'Ziggy',1,'2021-1-1','Male',1,'None','2022-3-31','2000-1-1',0,0,1);
INSERT INTO `animal` (`animal_id`,`db_bridge_id`,`kennel_id`,`animal_name`,`species`,`birth_date`,`sex`,`altered`,`micro_chip`,`due_out_date`,`intake_date`,`weight`,`adopted`,`active`) VALUES (211043,'A211043',74,'',1,'2007-1-1','Male',1,NULL,'2021-12-3','2000-1-1',0,0,1);
INSERT INTO `animal` (`animal_id`,`db_bridge_id`,`kennel_id`,`animal_name`,`species`,`birth_date`,`sex`,`altered`,`micro_chip`,`due_out_date`,`intake_date`,`weight`,`adopted`,`active`) VALUES (211065,'A211065',201,'Arvid',2,'2019-1-1','Male ',1,'None','2021-12-13','2000-1-1',0,0,1);
INSERT INTO `animal` (`animal_id`,`db_bridge_id`,`kennel_id`,`animal_name`,`species`,`birth_date`,`sex`,`altered`,`micro_chip`,`due_out_date`,`intake_date`,`weight`,`adopted`,`active`) VALUES (211068,'A211068',11,'Sugar Plum',1,'2020-12-1','Female',1,'None','2022-1-21','2000-1-1',0,0,1);
INSERT INTO `animal` (`animal_id`,`db_bridge_id`,`kennel_id`,`animal_name`,`species`,`birth_date`,`sex`,`altered`,`micro_chip`,`due_out_date`,`intake_date`,`weight`,`adopted`,`active`) VALUES (211079,'A211079',255,'Mothman',2,'2017-1-1','Male ',1,'None','2022-1-10','2000-1-1',0,0,1);
INSERT INTO `animal` (`animal_id`,`db_bridge_id`,`kennel_id`,`animal_name`,`species`,`birth_date`,`sex`,`altered`,`micro_chip`,`due_out_date`,`intake_date`,`weight`,`adopted`,`active`) VALUES (211082,'A211082',299,'Megora',2,'2014-1-1','Female',1,'None','2021-12-14','2000-1-1',0,0,1);
INSERT INTO `animal` (`animal_id`,`db_bridge_id`,`kennel_id`,`animal_name`,`species`,`birth_date`,`sex`,`altered`,`micro_chip`,`due_out_date`,`intake_date`,`weight`,`adopted`,`active`) VALUES (211098,'A211098',291,'Finn',1,'2019-1-1','Male',1,'985113002514512    ','2022-3-22','2000-1-1',0,0,1);
INSERT INTO `animal` (`animal_id`,`db_bridge_id`,`kennel_id`,`animal_name`,`species`,`birth_date`,`sex`,`altered`,`micro_chip`,`due_out_date`,`intake_date`,`weight`,`adopted`,`active`) VALUES (211120,'A211120',254,'Chi-Chi',2,'2017-1-1','Female',1,'None','2022-1-16','2000-1-1',0,0,1);
INSERT INTO `animal` (`animal_id`,`db_bridge_id`,`kennel_id`,`animal_name`,`species`,`birth_date`,`sex`,`altered`,`micro_chip`,`due_out_date`,`intake_date`,`weight`,`adopted`,`active`) VALUES (211143,'A211143',70,'Trudi',2,NULL,'Female ',0,'None','2022-1-20','2000-1-1',0,0,1);
INSERT INTO `animal` (`animal_id`,`db_bridge_id`,`kennel_id`,`animal_name`,`species`,`birth_date`,`sex`,`altered`,`micro_chip`,`due_out_date`,`intake_date`,`weight`,`adopted`,`active`) VALUES (211177,'A211177',256,'Greenleigh',2,'2018-1-1','Female',1,'None','2021-12-20','2000-1-1',0,0,1);
INSERT INTO `animal` (`animal_id`,`db_bridge_id`,`kennel_id`,`animal_name`,`species`,`birth_date`,`sex`,`altered`,`micro_chip`,`due_out_date`,`intake_date`,`weight`,`adopted`,`active`) VALUES (211198,'A211198',33,'Skye',2,'2018-1-1','Male',1,'None','2022-12-21','2000-1-1',0,0,1);
INSERT INTO `animal` (`animal_id`,`db_bridge_id`,`kennel_id`,`animal_name`,`species`,`birth_date`,`sex`,`altered`,`micro_chip`,`due_out_date`,`intake_date`,`weight`,`adopted`,`active`) VALUES (211205,'A211205',4,'Henry the 8th',2,'2021-4-1','Male',1,'985113005064178    ','2021-12-27','2000-1-1',0,0,1);
INSERT INTO `animal` (`animal_id`,`db_bridge_id`,`kennel_id`,`animal_name`,`species`,`birth_date`,`sex`,`altered`,`micro_chip`,`due_out_date`,`intake_date`,`weight`,`adopted`,`active`) VALUES (211226,'A211226',250,'Lawn Mower',2,'2018-1-1','Male ',1,'None','2021-12-27','2000-1-1',0,0,1);
INSERT INTO `animal` (`animal_id`,`db_bridge_id`,`kennel_id`,`animal_name`,`species`,`birth_date`,`sex`,`altered`,`micro_chip`,`due_out_date`,`intake_date`,`weight`,`adopted`,`active`) VALUES (211227,'A211227',250,'Leaf Blower',2,'2018-1-1','Female',1,'None','2021-12-27','2000-1-1',0,0,1);
INSERT INTO `animal` (`animal_id`,`db_bridge_id`,`kennel_id`,`animal_name`,`species`,`birth_date`,`sex`,`altered`,`micro_chip`,`due_out_date`,`intake_date`,`weight`,`adopted`,`active`) VALUES (211228,'A211228',2,'Bounce',1,'2021-7-1','Male',0,'981020045344755    ','2022-1-25','2000-1-1',0,0,1);
INSERT INTO `animal` (`animal_id`,`db_bridge_id`,`kennel_id`,`animal_name`,`species`,`birth_date`,`sex`,`altered`,`micro_chip`,`due_out_date`,`intake_date`,`weight`,`adopted`,`active`) VALUES (211233,'A211233',42,'Wenidi Liji',2,'2018-1-1','Male',1,'None','2021-12-28','2000-1-1',0,0,1);
INSERT INTO `animal` (`animal_id`,`db_bridge_id`,`kennel_id`,`animal_name`,`species`,`birth_date`,`sex`,`altered`,`micro_chip`,`due_out_date`,`intake_date`,`weight`,`adopted`,`active`) VALUES (211245,'A211245',45,'Mr. Velvet',2,'2018-1-1','Male',1,'None','2021-12-28','2000-1-1',0,0,1);
INSERT INTO `animal` (`animal_id`,`db_bridge_id`,`kennel_id`,`animal_name`,`species`,`birth_date`,`sex`,`altered`,`micro_chip`,`due_out_date`,`intake_date`,`weight`,`adopted`,`active`) VALUES (211246,'A211246',88,'Goliath',1,'2020-12-1','Male',1,'981020045358164    ','2021-12-29','2000-1-1',0,0,1);
INSERT INTO `animal` (`animal_id`,`db_bridge_id`,`kennel_id`,`animal_name`,`species`,`birth_date`,`sex`,`altered`,`micro_chip`,`due_out_date`,`intake_date`,`weight`,`adopted`,`active`) VALUES (211262,'A211262',15,'Remi',1,'2020-1-1','Female',1,'956000013618083    ','2021-12-21','2000-1-1',0,0,1);
INSERT INTO `animal` (`animal_id`,`db_bridge_id`,`kennel_id`,`animal_name`,`species`,`birth_date`,`sex`,`altered`,`micro_chip`,`due_out_date`,`intake_date`,`weight`,`adopted`,`active`) VALUES (211288,'A211288',294,'Peanut',2,'2015-1-1','Male',1,'056*315*349','2021-12-22','2000-1-1',0,0,1);
INSERT INTO `animal` (`animal_id`,`db_bridge_id`,`kennel_id`,`animal_name`,`species`,`birth_date`,`sex`,`altered`,`micro_chip`,`due_out_date`,`intake_date`,`weight`,`adopted`,`active`) VALUES (211290,'A211290',39,'Darth Leia',2,'2021-1-1','Female',1,'None','2021-12-30','2000-1-1',0,0,1);
INSERT INTO `animal` (`animal_id`,`db_bridge_id`,`kennel_id`,`animal_name`,`species`,`birth_date`,`sex`,`altered`,`micro_chip`,`due_out_date`,`intake_date`,`weight`,`adopted`,`active`) VALUES (211335,'A211335',74,'',1,'2020-1-1','Male',1,'981020035723458    ','2021-12-30','2000-1-1',0,0,1);
INSERT INTO `animal` (`animal_id`,`db_bridge_id`,`kennel_id`,`animal_name`,`species`,`birth_date`,`sex`,`altered`,`micro_chip`,`due_out_date`,`intake_date`,`weight`,`adopted`,`active`) VALUES (211348,'A211348',111,'Graceful',1,'2019-1-1','Female',0,NULL,'2022-3-26','2000-1-1',0,0,1);
INSERT INTO `animal` (`animal_id`,`db_bridge_id`,`kennel_id`,`animal_name`,`species`,`birth_date`,`sex`,`altered`,`micro_chip`,`due_out_date`,`intake_date`,`weight`,`adopted`,`active`) VALUES (211353,'A211353',30,'Dumpling',2,'2015-1-1','Male',1,'982091062343625    ','2022-1-5','2000-1-1',0,0,1);
INSERT INTO `animal` (`animal_id`,`db_bridge_id`,`kennel_id`,`animal_name`,`species`,`birth_date`,`sex`,`altered`,`micro_chip`,`due_out_date`,`intake_date`,`weight`,`adopted`,`active`) VALUES (211376,'A211376',47,'Pepper',1,'2003-1-1','Female',1,'None','2021-12-29','2000-1-1',0,0,1);
INSERT INTO `animal` (`animal_id`,`db_bridge_id`,`kennel_id`,`animal_name`,`species`,`birth_date`,`sex`,`altered`,`micro_chip`,`due_out_date`,`intake_date`,`weight`,`adopted`,`active`) VALUES (211382,'A211382',212,'Rollie-polli',2,'2018-1-1','Female',1,NULL,'2022-1-5','2000-1-1',0,0,1);
INSERT INTO `animal` (`animal_id`,`db_bridge_id`,`kennel_id`,`animal_name`,`species`,`birth_date`,`sex`,`altered`,`micro_chip`,`due_out_date`,`intake_date`,`weight`,`adopted`,`active`) VALUES (211396,'A211396',1,'Paycheck',1,'2020-1-1','Male',1,'981020045319103    ','2022-3-18','2000-1-1',0,0,1);
INSERT INTO `animal` (`animal_id`,`db_bridge_id`,`kennel_id`,`animal_name`,`species`,`birth_date`,`sex`,`altered`,`micro_chip`,`due_out_date`,`intake_date`,`weight`,`adopted`,`active`) VALUES (211406,'A211406',10,'Vegas',1,'2020-1-1','Male',1,'981020031278454    ','2022-1-19','2000-1-1',0,0,1);
INSERT INTO `animal` (`animal_id`,`db_bridge_id`,`kennel_id`,`animal_name`,`species`,`birth_date`,`sex`,`altered`,`micro_chip`,`due_out_date`,`intake_date`,`weight`,`adopted`,`active`) VALUES (211408,'A211408',9,'Jambalaya',1,'2021-1-1','Female',0,'9810210045327100    ','2022-1-14','2000-1-1',0,0,1);
INSERT INTO `animal` (`animal_id`,`db_bridge_id`,`kennel_id`,`animal_name`,`species`,`birth_date`,`sex`,`altered`,`micro_chip`,`due_out_date`,`intake_date`,`weight`,`adopted`,`active`) VALUES (211409,'A211409',56,'Boots',2,'2011-1-1','Female',1,NULL,'2022-1-3','2000-1-1',0,0,1);
INSERT INTO `animal` (`animal_id`,`db_bridge_id`,`kennel_id`,`animal_name`,`species`,`birth_date`,`sex`,`altered`,`micro_chip`,`due_out_date`,`intake_date`,`weight`,`adopted`,`active`) VALUES (211410,'A211410',296,'Geraldthy',2,'2018-1-1','Male',1,'9810120045440310    ','2022-2-20','2000-1-1',0,0,1);
INSERT INTO `animal` (`animal_id`,`db_bridge_id`,`kennel_id`,`animal_name`,`species`,`birth_date`,`sex`,`altered`,`micro_chip`,`due_out_date`,`intake_date`,`weight`,`adopted`,`active`) VALUES (211411,'A211411',296,'',2,'2019-1-1','Male',1,'None','2022-1-12','2000-1-1',0,0,1);
INSERT INTO `animal` (`animal_id`,`db_bridge_id`,`kennel_id`,`animal_name`,`species`,`birth_date`,`sex`,`altered`,`micro_chip`,`due_out_date`,`intake_date`,`weight`,`adopted`,`active`) VALUES (211418,'A211418',230,'Noki',2,'2017-1-1','Female',1,NULL,'2022-1-11','2000-1-1',0,0,1);
INSERT INTO `animal` (`animal_id`,`db_bridge_id`,`kennel_id`,`animal_name`,`species`,`birth_date`,`sex`,`altered`,`micro_chip`,`due_out_date`,`intake_date`,`weight`,`adopted`,`active`) VALUES (211425,'A211425',47,'',2,NULL,'Male',0,'066*594*519','2022-1-6','2000-1-1',0,0,1);
INSERT INTO `animal` (`animal_id`,`db_bridge_id`,`kennel_id`,`animal_name`,`species`,`birth_date`,`sex`,`altered`,`micro_chip`,`due_out_date`,`intake_date`,`weight`,`adopted`,`active`) VALUES (211427,'A211427',14,'Sookie',1,'2021-10-1','Female',0,'981020045377046    ','2022-1-11','2000-1-1',0,0,1);
INSERT INTO `animal` (`animal_id`,`db_bridge_id`,`kennel_id`,`animal_name`,`species`,`birth_date`,`sex`,`altered`,`micro_chip`,`due_out_date`,`intake_date`,`weight`,`adopted`,`active`) VALUES (211429,'A211429',74,'',1,'2012-1-1','Male',0,'072*852*539','2022-1-4','2000-1-1',0,0,1);
INSERT INTO `animal` (`animal_id`,`db_bridge_id`,`kennel_id`,`animal_name`,`species`,`birth_date`,`sex`,`altered`,`micro_chip`,`due_out_date`,`intake_date`,`weight`,`adopted`,`active`) VALUES (211436,'A211436',238,'Overdraft',2,'2015-1-1','Male ',1,'None','2022-1-11','2000-1-1',0,0,1);
INSERT INTO `animal` (`animal_id`,`db_bridge_id`,`kennel_id`,`animal_name`,`species`,`birth_date`,`sex`,`altered`,`micro_chip`,`due_out_date`,`intake_date`,`weight`,`adopted`,`active`) VALUES (211437,'A211437',219,'Hope',2,'2017-1-1','Female',1,NULL,'2022-1-11','2000-1-1',0,0,1);
INSERT INTO `animal` (`animal_id`,`db_bridge_id`,`kennel_id`,`animal_name`,`species`,`birth_date`,`sex`,`altered`,`micro_chip`,`due_out_date`,`intake_date`,`weight`,`adopted`,`active`) VALUES (211438,'A211438',57,'',2,NULL,'Female',0,NULL,'2022-1-11','2000-1-1',0,0,1);
INSERT INTO `animal` (`animal_id`,`db_bridge_id`,`kennel_id`,`animal_name`,`species`,`birth_date`,`sex`,`altered`,`micro_chip`,`due_out_date`,`intake_date`,`weight`,`adopted`,`active`) VALUES (211441,'A211441',296,'Magic Marker',2,'2019-1-1','Male',1,'None','2022-1-12','2000-1-1',0,0,1);
INSERT INTO `animal` (`animal_id`,`db_bridge_id`,`kennel_id`,`animal_name`,`species`,`birth_date`,`sex`,`altered`,`micro_chip`,`due_out_date`,`intake_date`,`weight`,`adopted`,`active`) VALUES (211451,'A211451',108,'Nala',1,'2021-1-1','Female',0,'None','2022-2-5','2000-1-1',0,0,1);
INSERT INTO `animal` (`animal_id`,`db_bridge_id`,`kennel_id`,`animal_name`,`species`,`birth_date`,`sex`,`altered`,`micro_chip`,`due_out_date`,`intake_date`,`weight`,`adopted`,`active`) VALUES (211455,'A211455',209,'Yooli',2,'2019-1-1','Female',1,'98102004533264    ','2022-1-24','2000-1-1',0,0,1);
INSERT INTO `animal` (`animal_id`,`db_bridge_id`,`kennel_id`,`animal_name`,`species`,`birth_date`,`sex`,`altered`,`micro_chip`,`due_out_date`,`intake_date`,`weight`,`adopted`,`active`) VALUES (211459,'A211459',46,'',2,NULL,'',NULL,'None','2022-1-11','2000-1-1',0,0,1);
INSERT INTO `animal` (`animal_id`,`db_bridge_id`,`kennel_id`,`animal_name`,`species`,`birth_date`,`sex`,`altered`,`micro_chip`,`due_out_date`,`intake_date`,`weight`,`adopted`,`active`) VALUES (211460,'A211460',5,'Captain Sniff',1,'2021-3-1','Male',1,'981020043428424    ','2022-1-7','2000-1-1',0,0,1);
INSERT INTO `animal` (`animal_id`,`db_bridge_id`,`kennel_id`,`animal_name`,`species`,`birth_date`,`sex`,`altered`,`micro_chip`,`due_out_date`,`intake_date`,`weight`,`adopted`,`active`) VALUES (211462,'A211462',1,'Kevin',1,'2020-12-1','Male',1,'981020039856953    ','2022-1-6','2000-1-1',0,0,1);
INSERT INTO `animal` (`animal_id`,`db_bridge_id`,`kennel_id`,`animal_name`,`species`,`birth_date`,`sex`,`altered`,`micro_chip`,`due_out_date`,`intake_date`,`weight`,`adopted`,`active`) VALUES (211465,'A211465',74,'',1,NULL,'',NULL,NULL,'2022-1-13','2000-1-1',0,0,1);
INSERT INTO `animal` (`animal_id`,`db_bridge_id`,`kennel_id`,`animal_name`,`species`,`birth_date`,`sex`,`altered`,`micro_chip`,`due_out_date`,`intake_date`,`weight`,`adopted`,`active`) VALUES (211466,'A211466',21,'Bob the Weat',2,'2021-7-1','Male',1,'None','2022-1-13','2000-1-1',0,0,1);
INSERT INTO `animal` (`animal_id`,`db_bridge_id`,`kennel_id`,`animal_name`,`species`,`birth_date`,`sex`,`altered`,`micro_chip`,`due_out_date`,`intake_date`,`weight`,`adopted`,`active`) VALUES (211485,'A211485',189,'Frodo',1,NULL,'Male ',0,'None','2022-1-29','2000-1-1',0,0,1);
INSERT INTO `animal` (`animal_id`,`db_bridge_id`,`kennel_id`,`animal_name`,`species`,`birth_date`,`sex`,`altered`,`micro_chip`,`due_out_date`,`intake_date`,`weight`,`adopted`,`active`) VALUES (211486,'A211486',24,'Oat Malk',2,'2014-1-1','Female',1,'None','2022-1-18','2000-1-1',0,0,1);
INSERT INTO `animal` (`animal_id`,`db_bridge_id`,`kennel_id`,`animal_name`,`species`,`birth_date`,`sex`,`altered`,`micro_chip`,`due_out_date`,`intake_date`,`weight`,`adopted`,`active`) VALUES (211495,'A211495',101,'Brutus',1,'2021-1-1','Male',1,'981020045363870    ','2022-3-24','2000-1-1',0,0,1);
INSERT INTO `animal` (`animal_id`,`db_bridge_id`,`kennel_id`,`animal_name`,`species`,`birth_date`,`sex`,`altered`,`micro_chip`,`due_out_date`,`intake_date`,`weight`,`adopted`,`active`) VALUES (211499,'A211499',127,'Dottie',1,'2015-1-1','Female',1,'981020045380468    ','2022-1-18','2000-1-1',0,0,1);
INSERT INTO `animal` (`animal_id`,`db_bridge_id`,`kennel_id`,`animal_name`,`species`,`birth_date`,`sex`,`altered`,`micro_chip`,`due_out_date`,`intake_date`,`weight`,`adopted`,`active`) VALUES (211504,'A211504',294,'Dr. Dylan',2,'2021-7-1','Male',1,'None','2022-1-18','2000-1-1',0,0,1);
INSERT INTO `animal` (`animal_id`,`db_bridge_id`,`kennel_id`,`animal_name`,`species`,`birth_date`,`sex`,`altered`,`micro_chip`,`due_out_date`,`intake_date`,`weight`,`adopted`,`active`) VALUES (211505,'A211505',294,'Platypuss',2,'2021-8-1','Female',1,'None','2022-1-18','2000-1-1',0,0,1);
INSERT INTO `animal` (`animal_id`,`db_bridge_id`,`kennel_id`,`animal_name`,`species`,`birth_date`,`sex`,`altered`,`micro_chip`,`due_out_date`,`intake_date`,`weight`,`adopted`,`active`) VALUES (211511,'A211511',294,'Dentist Dave',2,'2021-7-1','Male',1,'None','2022-1-19','2000-1-1',0,0,1);
INSERT INTO `animal` (`animal_id`,`db_bridge_id`,`kennel_id`,`animal_name`,`species`,`birth_date`,`sex`,`altered`,`micro_chip`,`due_out_date`,`intake_date`,`weight`,`adopted`,`active`) VALUES (211512,'A211512',294,'Beaver the B',2,'2021-8-1','Female',1,'None','2022-1-19','2000-1-1',0,0,1);
INSERT INTO `animal` (`animal_id`,`db_bridge_id`,`kennel_id`,`animal_name`,`species`,`birth_date`,`sex`,`altered`,`micro_chip`,`due_out_date`,`intake_date`,`weight`,`adopted`,`active`) VALUES (211519,'A211519',47,'Moki',1,'2012-1-1','Female',1,'None','2022-1-11','2000-1-1',0,0,1);
INSERT INTO `animal` (`animal_id`,`db_bridge_id`,`kennel_id`,`animal_name`,`species`,`birth_date`,`sex`,`altered`,`micro_chip`,`due_out_date`,`intake_date`,`weight`,`adopted`,`active`) VALUES (211522,'A211522',46,'Mama Cat',2,'2011-1-1','Female',0,'None','2022-1-11','2000-1-1',0,0,1);
INSERT INTO `animal` (`animal_id`,`db_bridge_id`,`kennel_id`,`animal_name`,`species`,`birth_date`,`sex`,`altered`,`micro_chip`,`due_out_date`,`intake_date`,`weight`,`adopted`,`active`) VALUES (211526,'A211526',46,'Anna',1,'2009-1-1','Female',0,NULL,'2022-1-12','2000-1-1',0,0,1);
INSERT INTO `animal` (`animal_id`,`db_bridge_id`,`kennel_id`,`animal_name`,`species`,`birth_date`,`sex`,`altered`,`micro_chip`,`due_out_date`,`intake_date`,`weight`,`adopted`,`active`) VALUES (211529,'A211529',55,'Gus',2,'2017-1-1','Male',1,'None','2022-1-21','2000-1-1',0,0,1);
INSERT INTO `animal` (`animal_id`,`db_bridge_id`,`kennel_id`,`animal_name`,`species`,`birth_date`,`sex`,`altered`,`micro_chip`,`due_out_date`,`intake_date`,`weight`,`adopted`,`active`) VALUES (211530,'A211530',27,'Mercury',2,'2020-1-1','Female',1,NULL,'2022-1-21','2000-1-1',0,0,1);
INSERT INTO `animal` (`animal_id`,`db_bridge_id`,`kennel_id`,`animal_name`,`species`,`birth_date`,`sex`,`altered`,`micro_chip`,`due_out_date`,`intake_date`,`weight`,`adopted`,`active`) VALUES (211534,'A211534',174,'',2,NULL,'Male ',0,'None','2022-1-21','2000-1-1',0,0,1);
INSERT INTO `animal` (`animal_id`,`db_bridge_id`,`kennel_id`,`animal_name`,`species`,`birth_date`,`sex`,`altered`,`micro_chip`,`due_out_date`,`intake_date`,`weight`,`adopted`,`active`) VALUES (211537,'A211537',173,'',2,NULL,'Male ',0,'None','2022-1-24','2000-1-1',0,0,1);
INSERT INTO `animal` (`animal_id`,`db_bridge_id`,`kennel_id`,`animal_name`,`species`,`birth_date`,`sex`,`altered`,`micro_chip`,`due_out_date`,`intake_date`,`weight`,`adopted`,`active`) VALUES (211542,'A211542',47,'Rip',1,'2009-1-1','Male',1,'None','2022-1-13','2000-1-1',0,0,1);
INSERT INTO `animal` (`animal_id`,`db_bridge_id`,`kennel_id`,`animal_name`,`species`,`birth_date`,`sex`,`altered`,`micro_chip`,`due_out_date`,`intake_date`,`weight`,`adopted`,`active`) VALUES (211543,'A211543',47,'Whiskers',2,'2006-1-1','Male',1,'None','2022-1-13','2000-1-1',0,0,1);
INSERT INTO `animal` (`animal_id`,`db_bridge_id`,`kennel_id`,`animal_name`,`species`,`birth_date`,`sex`,`altered`,`micro_chip`,`due_out_date`,`intake_date`,`weight`,`adopted`,`active`) VALUES (211544,'A211544',92,'Berry Crepe',1,'2021-5-1','Female',0,'981020045379201    ','2022-1-27','2000-1-1',0,0,1);
INSERT INTO `animal` (`animal_id`,`db_bridge_id`,`kennel_id`,`animal_name`,`species`,`birth_date`,`sex`,`altered`,`micro_chip`,`due_out_date`,`intake_date`,`weight`,`adopted`,`active`) VALUES (211545,'A211545',47,'',2,NULL,'Male',1,'None','2022-1-25','2000-1-1',0,0,1);
INSERT INTO `animal` (`animal_id`,`db_bridge_id`,`kennel_id`,`animal_name`,`species`,`birth_date`,`sex`,`altered`,`micro_chip`,`due_out_date`,`intake_date`,`weight`,`adopted`,`active`) VALUES (211546,'A211546',257,'Spoon',2,'2020-1-1','Female',1,'None','2022-1-30','2000-1-1',0,0,1);
INSERT INTO `animal` (`animal_id`,`db_bridge_id`,`kennel_id`,`animal_name`,`species`,`birth_date`,`sex`,`altered`,`micro_chip`,`due_out_date`,`intake_date`,`weight`,`adopted`,`active`) VALUES (211547,'A211547',53,'Serenity',2,'2021-5-1','Male',0,'None','2022-1-13','2000-1-1',0,0,1);
INSERT INTO `animal` (`animal_id`,`db_bridge_id`,`kennel_id`,`animal_name`,`species`,`birth_date`,`sex`,`altered`,`micro_chip`,`due_out_date`,`intake_date`,`weight`,`adopted`,`active`) VALUES (211548,'A211548',142,'',2,NULL,'Male ',0,'None','2022-1-24','2000-1-1',0,0,1);
INSERT INTO `animal` (`animal_id`,`db_bridge_id`,`kennel_id`,`animal_name`,`species`,`birth_date`,`sex`,`altered`,`micro_chip`,`due_out_date`,`intake_date`,`weight`,`adopted`,`active`) VALUES (211549,'A211549',109,'Valor',1,NULL,'Male',0,'None','2022-1-25','2000-1-1',0,0,1);
INSERT INTO `animal` (`animal_id`,`db_bridge_id`,`kennel_id`,`animal_name`,`species`,`birth_date`,`sex`,`altered`,`micro_chip`,`due_out_date`,`intake_date`,`weight`,`adopted`,`active`) VALUES (211554,'A211554',140,'',2,NULL,'Female',0,'None','2022-1-25','2000-1-1',0,0,1);
INSERT INTO `animal` (`animal_id`,`db_bridge_id`,`kennel_id`,`animal_name`,`species`,`birth_date`,`sex`,`altered`,`micro_chip`,`due_out_date`,`intake_date`,`weight`,`adopted`,`active`) VALUES (211556,'A211556',46,'Sophie',1,'2011-1-1','Female',1,'None','2022-1-14','2000-1-1',0,0,1);
INSERT INTO `animal` (`animal_id`,`db_bridge_id`,`kennel_id`,`animal_name`,`species`,`birth_date`,`sex`,`altered`,`micro_chip`,`due_out_date`,`intake_date`,`weight`,`adopted`,`active`) VALUES (211557,'A211557',71,'Tuna',2,NULL,'Female',0,'981020031847647    ','2022-1-14','2000-1-1',0,0,1);
INSERT INTO `animal` (`animal_id`,`db_bridge_id`,`kennel_id`,`animal_name`,`species`,`birth_date`,`sex`,`altered`,`micro_chip`,`due_out_date`,`intake_date`,`weight`,`adopted`,`active`) VALUES (211559,'A211559',112,'',1,NULL,'Male ',0,NULL,'2022-1-25','2000-1-1',0,0,1);
INSERT INTO `animal` (`animal_id`,`db_bridge_id`,`kennel_id`,`animal_name`,`species`,`birth_date`,`sex`,`altered`,`micro_chip`,`due_out_date`,`intake_date`,`weight`,`adopted`,`active`) VALUES (211568,'A211568',139,'',2,NULL,'Female',0,NULL,'2022-1-26','2000-1-1',0,0,1);
INSERT INTO `animal` (`animal_id`,`db_bridge_id`,`kennel_id`,`animal_name`,`species`,`birth_date`,`sex`,`altered`,`micro_chip`,`due_out_date`,`intake_date`,`weight`,`adopted`,`active`) VALUES (211569,'A211569',96,'',1,NULL,'Male',0,'None','2022-1-26','2000-1-1',0,0,1);
INSERT INTO `animal` (`animal_id`,`db_bridge_id`,`kennel_id`,`animal_name`,`species`,`birth_date`,`sex`,`altered`,`micro_chip`,`due_out_date`,`intake_date`,`weight`,`adopted`,`active`) VALUES (211575,'A211575',69,'Kenny',2,'2016-1-1','Male',1,'None','2022-3-19','2000-1-1',0,0,1);
INSERT INTO `animal` (`animal_id`,`db_bridge_id`,`kennel_id`,`animal_name`,`species`,`birth_date`,`sex`,`altered`,`micro_chip`,`due_out_date`,`intake_date`,`weight`,`adopted`,`active`) VALUES (211576,'A211576',259,'',1,NULL,'Male',0,NULL,'2022-1-27','2000-1-1',0,0,1);
INSERT INTO `animal` (`animal_id`,`db_bridge_id`,`kennel_id`,`animal_name`,`species`,`birth_date`,`sex`,`altered`,`micro_chip`,`due_out_date`,`intake_date`,`weight`,`adopted`,`active`) VALUES (211578,'A211578',91,'',1,'2012-1-1','Male',1,'None','2022-1-27','2000-1-1',0,0,1);
INSERT INTO `animal` (`animal_id`,`db_bridge_id`,`kennel_id`,`animal_name`,`species`,`birth_date`,`sex`,`altered`,`micro_chip`,`due_out_date`,`intake_date`,`weight`,`adopted`,`active`) VALUES (211591,'A211591',89,'',1,NULL,'Male',0,'None','2022-1-27','2000-1-1',0,0,1);
INSERT INTO `animal` (`animal_id`,`db_bridge_id`,`kennel_id`,`animal_name`,`species`,`birth_date`,`sex`,`altered`,`micro_chip`,`due_out_date`,`intake_date`,`weight`,`adopted`,`active`) VALUES (211593,'A211593',79,'',2,NULL,'',NULL,NULL,'2022-2-10','2000-1-1',0,0,1);
INSERT INTO `animal` (`animal_id`,`db_bridge_id`,`kennel_id`,`animal_name`,`species`,`birth_date`,`sex`,`altered`,`micro_chip`,`due_out_date`,`intake_date`,`weight`,`adopted`,`active`) VALUES (211594,'A211594',253,'Mr. Puff',2,NULL,'Male ',0,'None','2022-1-27','2000-1-1',0,0,1);
INSERT INTO `animal` (`animal_id`,`db_bridge_id`,`kennel_id`,`animal_name`,`species`,`birth_date`,`sex`,`altered`,`micro_chip`,`due_out_date`,`intake_date`,`weight`,`adopted`,`active`) VALUES (211595,'A211595',141,'',2,NULL,'Male',0,'None','2022-1-27','2000-1-1',0,0,1);
INSERT INTO `animal` (`animal_id`,`db_bridge_id`,`kennel_id`,`animal_name`,`species`,`birth_date`,`sex`,`altered`,`micro_chip`,`due_out_date`,`intake_date`,`weight`,`adopted`,`active`) VALUES (211597,'A211597',264,'',1,NULL,'Male',0,'None','2022-1-26','2000-1-1',0,0,1);
INSERT INTO `animal` (`animal_id`,`db_bridge_id`,`kennel_id`,`animal_name`,`species`,`birth_date`,`sex`,`altered`,`micro_chip`,`due_out_date`,`intake_date`,`weight`,`adopted`,`active`) VALUES (211599,'A211599',176,'',2,NULL,'Male ',0,'None','2022-1-27','2000-1-1',0,0,1);
INSERT INTO `animal` (`animal_id`,`db_bridge_id`,`kennel_id`,`animal_name`,`species`,`birth_date`,`sex`,`altered`,`micro_chip`,`due_out_date`,`intake_date`,`weight`,`adopted`,`active`) VALUES (211601,'A211601',175,'',2,NULL,'Male ',0,'None','2022-1-27','2000-1-1',0,0,1);
INSERT INTO `animal` (`animal_id`,`db_bridge_id`,`kennel_id`,`animal_name`,`species`,`birth_date`,`sex`,`altered`,`micro_chip`,`due_out_date`,`intake_date`,`weight`,`adopted`,`active`) VALUES (211604,'A211604',170,'',2,NULL,'',NULL,'None','2022-1-28','2000-1-1',0,0,1);
INSERT INTO `animal` (`animal_id`,`db_bridge_id`,`kennel_id`,`animal_name`,`species`,`birth_date`,`sex`,`altered`,`micro_chip`,`due_out_date`,`intake_date`,`weight`,`adopted`,`active`) VALUES (211607,'A211607',12,'Sage',1,'2021-7-1','Female',0,'981020045316486    ','2022-1-21','2000-1-1',0,0,1);
INSERT INTO `animal` (`animal_id`,`db_bridge_id`,`kennel_id`,`animal_name`,`species`,`birth_date`,`sex`,`altered`,`micro_chip`,`due_out_date`,`intake_date`,`weight`,`adopted`,`active`) VALUES (211611,'A211611',127,'Grizz',1,'2021-1-1','Male',0,NULL,'2022-1-29','2000-1-1',0,0,1);
INSERT INTO `animal` (`animal_id`,`db_bridge_id`,`kennel_id`,`animal_name`,`species`,`birth_date`,`sex`,`altered`,`micro_chip`,`due_out_date`,`intake_date`,`weight`,`adopted`,`active`) VALUES (211613,'A211613',103,'',1,NULL,'Male',0,'None','2022-1-31','2000-1-1',0,0,1);
INSERT INTO `animal` (`animal_id`,`db_bridge_id`,`kennel_id`,`animal_name`,`species`,`birth_date`,`sex`,`altered`,`micro_chip`,`due_out_date`,`intake_date`,`weight`,`adopted`,`active`) VALUES (211614,'A211614',104,'',1,NULL,'Male',0,'None','2022-1-31','2000-1-1',0,0,1);
INSERT INTO `animal` (`animal_id`,`db_bridge_id`,`kennel_id`,`animal_name`,`species`,`birth_date`,`sex`,`altered`,`micro_chip`,`due_out_date`,`intake_date`,`weight`,`adopted`,`active`) VALUES (211617,'A211617',87,'',2,NULL,'',NULL,'None','2022-1-31','2000-1-1',0,0,1);
INSERT INTO `animal` (`animal_id`,`db_bridge_id`,`kennel_id`,`animal_name`,`species`,`birth_date`,`sex`,`altered`,`micro_chip`,`due_out_date`,`intake_date`,`weight`,`adopted`,`active`) VALUES (211618,'A211618',87,'',2,NULL,'Male',0,'None','2022-1-31','2000-1-1',0,0,1);
INSERT INTO `animal` (`animal_id`,`db_bridge_id`,`kennel_id`,`animal_name`,`species`,`birth_date`,`sex`,`altered`,`micro_chip`,`due_out_date`,`intake_date`,`weight`,`adopted`,`active`) VALUES (211620,'A211620',99,'',1,NULL,'Female',0,'None','2022-1-31','2000-1-1',0,0,1);
INSERT INTO `animal` (`animal_id`,`db_bridge_id`,`kennel_id`,`animal_name`,`species`,`birth_date`,`sex`,`altered`,`micro_chip`,`due_out_date`,`intake_date`,`weight`,`adopted`,`active`) VALUES (211622,'A211622',46,'',1,NULL,'',NULL,'None','2022-1-27','2000-1-1',0,0,1);
INSERT INTO `animal` (`animal_id`,`db_bridge_id`,`kennel_id`,`animal_name`,`species`,`birth_date`,`sex`,`altered`,`micro_chip`,`due_out_date`,`intake_date`,`weight`,`adopted`,`active`) VALUES (211627,'A211627',98,'Lola',1,'2020-1-1','Female',0,'981020045334343    ','2022-1-25','2000-1-1',0,0,1);
INSERT INTO `animal` (`animal_id`,`db_bridge_id`,`kennel_id`,`animal_name`,`species`,`birth_date`,`sex`,`altered`,`micro_chip`,`due_out_date`,`intake_date`,`weight`,`adopted`,`active`) VALUES (211628,'A211628',172,'',2,'2021-1-1','Female',0,'None','2022-2-1','2000-1-1',0,0,1);
INSERT INTO `animal` (`animal_id`,`db_bridge_id`,`kennel_id`,`animal_name`,`species`,`birth_date`,`sex`,`altered`,`micro_chip`,`due_out_date`,`intake_date`,`weight`,`adopted`,`active`) VALUES (211630,'A211630',166,'',2,NULL,'Male ',0,NULL,'2022-1-31','2000-1-1',0,0,1);
INSERT INTO `animal` (`animal_id`,`db_bridge_id`,`kennel_id`,`animal_name`,`species`,`birth_date`,`sex`,`altered`,`micro_chip`,`due_out_date`,`intake_date`,`weight`,`adopted`,`active`) VALUES (211631,'A211631',268,'',1,NULL,'Male',0,'981020013344354    ','2022-1-31','2000-1-1',0,0,1);
INSERT INTO `animal` (`animal_id`,`db_bridge_id`,`kennel_id`,`animal_name`,`species`,`birth_date`,`sex`,`altered`,`micro_chip`,`due_out_date`,`intake_date`,`weight`,`adopted`,`active`) VALUES (211635,'A211635',98,'Sasha',1,NULL,'Female',0,NULL,'2022-3-31','2000-1-1',0,0,1);
INSERT INTO `animal` (`animal_id`,`db_bridge_id`,`kennel_id`,`animal_name`,`species`,`birth_date`,`sex`,`altered`,`micro_chip`,`due_out_date`,`intake_date`,`weight`,`adopted`,`active`) VALUES (211636,'A211636',164,'',2,NULL,'Female',0,NULL,'2022-2-1','2000-1-1',0,0,1);
INSERT INTO `animal` (`animal_id`,`db_bridge_id`,`kennel_id`,`animal_name`,`species`,`birth_date`,`sex`,`altered`,`micro_chip`,`due_out_date`,`intake_date`,`weight`,`adopted`,`active`) VALUES (211637,'A211637',80,'',2,NULL,'',NULL,NULL,'2022-1-24','2000-1-1',0,0,1);
INSERT INTO `animal` (`animal_id`,`db_bridge_id`,`kennel_id`,`animal_name`,`species`,`birth_date`,`sex`,`altered`,`micro_chip`,`due_out_date`,`intake_date`,`weight`,`adopted`,`active`) VALUES (211638,'A211638',163,'',2,NULL,'Female',0,NULL,'2022-2-1','2000-1-1',0,0,1);
INSERT INTO `animal` (`animal_id`,`db_bridge_id`,`kennel_id`,`animal_name`,`species`,`birth_date`,`sex`,`altered`,`micro_chip`,`due_out_date`,`intake_date`,`weight`,`adopted`,`active`) VALUES (211639,'A211639',78,'',2,NULL,'',NULL,NULL,'2022-1-24','2000-1-1',0,0,1);
INSERT INTO `animal` (`animal_id`,`db_bridge_id`,`kennel_id`,`animal_name`,`species`,`birth_date`,`sex`,`altered`,`micro_chip`,`due_out_date`,`intake_date`,`weight`,`adopted`,`active`) VALUES (211678,'A211678',125,'Lobo',1,'2019-1-1','Male',0,'981020045358463    ','2022-1-27','2000-1-1',0,0,1);
INSERT INTO `animal` (`animal_id`,`db_bridge_id`,`kennel_id`,`animal_name`,`species`,`birth_date`,`sex`,`altered`,`micro_chip`,`due_out_date`,`intake_date`,`weight`,`adopted`,`active`) VALUES (211768,'A211768',95,'Sofia',1,'2021-1-1','Female',0,'981020045225002    ','2022-3-31','2000-1-1',0,0,1);
INSERT INTO `animal` (`animal_id`,`db_bridge_id`,`kennel_id`,`animal_name`,`species`,`birth_date`,`sex`,`altered`,`micro_chip`,`due_out_date`,`intake_date`,`weight`,`adopted`,`active`) VALUES (211786,'A211786',71,'Sweetie Pie',2,'2020-1-1','Female',1,'None','2022-3-10','2000-1-1',0,0,1);
INSERT INTO `animal` (`animal_id`,`db_bridge_id`,`kennel_id`,`animal_name`,`species`,`birth_date`,`sex`,`altered`,`micro_chip`,`due_out_date`,`intake_date`,`weight`,`adopted`,`active`) VALUES (211790,'A211790',51,'Lucky',2,NULL,'Male',1,'None','2022-2-12','2000-1-1',0,0,1);
INSERT INTO `animal` (`animal_id`,`db_bridge_id`,`kennel_id`,`animal_name`,`species`,`birth_date`,`sex`,`altered`,`micro_chip`,`due_out_date`,`intake_date`,`weight`,`adopted`,`active`) VALUES (211797,'A211797',88,'Pompadour',1,'2020-1-1','Male',0,'981020045455942    ','2022-2-25','2000-1-1',0,0,1);
INSERT INTO `animal` (`animal_id`,`db_bridge_id`,`kennel_id`,`animal_name`,`species`,`birth_date`,`sex`,`altered`,`micro_chip`,`due_out_date`,`intake_date`,`weight`,`adopted`,`active`) VALUES (211858,'A211858',254,'Ellie',2,'2019-1-1','Female',1,'981020035561763    ','2022-3-13','2000-1-1',0,0,1);
INSERT INTO `animal` (`animal_id`,`db_bridge_id`,`kennel_id`,`animal_name`,`species`,`birth_date`,`sex`,`altered`,`micro_chip`,`due_out_date`,`intake_date`,`weight`,`adopted`,`active`) VALUES (211869,'A211869',8,'Jessie',1,'2021-2-1','Female',0,'981020045467771    ','2022-3-31','2000-1-1',0,0,1);
INSERT INTO `animal` (`animal_id`,`db_bridge_id`,`kennel_id`,`animal_name`,`species`,`birth_date`,`sex`,`altered`,`micro_chip`,`due_out_date`,`intake_date`,`weight`,`adopted`,`active`) VALUES (211889,'A211889',255,'Sideshow',2,'2019-1-1','Male',1,'None','2022-2-19','2000-1-1',0,0,1);
INSERT INTO `animal` (`animal_id`,`db_bridge_id`,`kennel_id`,`animal_name`,`species`,`birth_date`,`sex`,`altered`,`micro_chip`,`due_out_date`,`intake_date`,`weight`,`adopted`,`active`) VALUES (211891,'A211891',4,'Thor',1,'2021-2-1','Male',0,'981020039094689    ','2022-2-22','2000-1-1',0,0,1);
INSERT INTO `animal` (`animal_id`,`db_bridge_id`,`kennel_id`,`animal_name`,`species`,`birth_date`,`sex`,`altered`,`micro_chip`,`due_out_date`,`intake_date`,`weight`,`adopted`,`active`) VALUES (211915,'A211915',50,'Zig Zag',2,'2021-4-1','Female',1,'981020045364182    ','2022-3-27','2000-1-1',0,0,1);
INSERT INTO `animal` (`animal_id`,`db_bridge_id`,`kennel_id`,`animal_name`,`species`,`birth_date`,`sex`,`altered`,`micro_chip`,`due_out_date`,`intake_date`,`weight`,`adopted`,`active`) VALUES (211955,'A211955',259,'Leslie',1,NULL,'Female',0,NULL,'2022-3-20','2000-1-1',0,0,1);
INSERT INTO `animal` (`animal_id`,`db_bridge_id`,`kennel_id`,`animal_name`,`species`,`birth_date`,`sex`,`altered`,`micro_chip`,`due_out_date`,`intake_date`,`weight`,`adopted`,`active`) VALUES (212013,'A212013',5,'Louie',1,'2015-1-1','Male',1,'982091062394014    ','2022-2-28','2000-1-1',0,0,1);
INSERT INTO `animal` (`animal_id`,`db_bridge_id`,`kennel_id`,`animal_name`,`species`,`birth_date`,`sex`,`altered`,`micro_chip`,`due_out_date`,`intake_date`,`weight`,`adopted`,`active`) VALUES (212031,'A212031',96,'Khan',1,'2020-1-1','Male',1,'981020045527837    ','2022-3-24','2000-1-1',0,0,1);
INSERT INTO `animal` (`animal_id`,`db_bridge_id`,`kennel_id`,`animal_name`,`species`,`birth_date`,`sex`,`altered`,`micro_chip`,`due_out_date`,`intake_date`,`weight`,`adopted`,`active`) VALUES (212092,'A212092',73,'Pork Chop',2,'2021-1-1','Female',1,'None','2022-3-25','2000-1-1',0,0,1);
INSERT INTO `animal` (`animal_id`,`db_bridge_id`,`kennel_id`,`animal_name`,`species`,`birth_date`,`sex`,`altered`,`micro_chip`,`due_out_date`,`intake_date`,`weight`,`adopted`,`active`) VALUES (212115,'A212115',55,'Eiffel Tower',2,'2019-1-1','Male',1,'None','2022-3-7','2000-1-1',0,0,1);
INSERT INTO `animal` (`animal_id`,`db_bridge_id`,`kennel_id`,`animal_name`,`species`,`birth_date`,`sex`,`altered`,`micro_chip`,`due_out_date`,`intake_date`,`weight`,`adopted`,`active`) VALUES (212116,'A212116',13,'Lika',1,'2012-1-1','Female',1,'985112003276062    ','2022-3-14','2000-1-1',0,0,1);
INSERT INTO `animal` (`animal_id`,`db_bridge_id`,`kennel_id`,`animal_name`,`species`,`birth_date`,`sex`,`altered`,`micro_chip`,`due_out_date`,`intake_date`,`weight`,`adopted`,`active`) VALUES (212117,'A212117',9,'Frank',1,'2016-1-1','Male',1,'981020000543942    ','2022-3-17','2000-1-1',0,0,1);
INSERT INTO `animal` (`animal_id`,`db_bridge_id`,`kennel_id`,`animal_name`,`species`,`birth_date`,`sex`,`altered`,`micro_chip`,`due_out_date`,`intake_date`,`weight`,`adopted`,`active`) VALUES (212209,'A212209',262,'Dotty',1,'2021-2-1','Female',0,'None','2022-3-22','2000-1-1',0,0,1);
INSERT INTO `animal` (`animal_id`,`db_bridge_id`,`kennel_id`,`animal_name`,`species`,`birth_date`,`sex`,`altered`,`micro_chip`,`due_out_date`,`intake_date`,`weight`,`adopted`,`active`) VALUES (212227,'A212227',256,'Tapestry',2,'2021-6-1','Female',1,'None','2022-3-17','2000-1-1',0,0,1);
INSERT INTO `animal` (`animal_id`,`db_bridge_id`,`kennel_id`,`animal_name`,`species`,`birth_date`,`sex`,`altered`,`micro_chip`,`due_out_date`,`intake_date`,`weight`,`adopted`,`active`) VALUES (212244,'A212244',10,'Brona',1,'2021-1-1','Female',0,'981020045342453    ','2022-3-14','2000-1-1',0,0,1);
INSERT INTO `animal` (`animal_id`,`db_bridge_id`,`kennel_id`,`animal_name`,`species`,`birth_date`,`sex`,`altered`,`micro_chip`,`due_out_date`,`intake_date`,`weight`,`adopted`,`active`) VALUES (212245,'A212245',12,'Dalsky',1,'2019-1-1','Male',0,'981020045325884    ','2022-3-14','2000-1-1',0,0,1);
INSERT INTO `animal` (`animal_id`,`db_bridge_id`,`kennel_id`,`animal_name`,`species`,`birth_date`,`sex`,`altered`,`micro_chip`,`due_out_date`,`intake_date`,`weight`,`adopted`,`active`) VALUES (212249,'A212249',97,'Chaos',1,'2015-1-1','Male',0,NULL,'2022-3-23','2000-1-1',0,0,1);
INSERT INTO `animal` (`animal_id`,`db_bridge_id`,`kennel_id`,`animal_name`,`species`,`birth_date`,`sex`,`altered`,`micro_chip`,`due_out_date`,`intake_date`,`weight`,`adopted`,`active`) VALUES (212278,'A212278',72,'Candace',2,'2021-5-1','Female',1,'None','2022-3-9','2000-1-1',0,0,1);
INSERT INTO `animal` (`animal_id`,`db_bridge_id`,`kennel_id`,`animal_name`,`species`,`birth_date`,`sex`,`altered`,`micro_chip`,`due_out_date`,`intake_date`,`weight`,`adopted`,`active`) VALUES (212284,'A212284',11,'Titan',1,'2016-1-1','Male',1,'981020015419874    ','2022-3-15','2000-1-1',0,0,1);
INSERT INTO `animal` (`animal_id`,`db_bridge_id`,`kennel_id`,`animal_name`,`species`,`birth_date`,`sex`,`altered`,`micro_chip`,`due_out_date`,`intake_date`,`weight`,`adopted`,`active`) VALUES (212288,'A212288',24,'Butterflake',2,'2017-1-1','Female',1,'None','2022-3-17','2000-1-1',0,0,1);
INSERT INTO `animal` (`animal_id`,`db_bridge_id`,`kennel_id`,`animal_name`,`species`,`birth_date`,`sex`,`altered`,`micro_chip`,`due_out_date`,`intake_date`,`weight`,`adopted`,`active`) VALUES (212289,'A212289',70,'Sally',2,'2017-1-1','Female',1,'None','2022-3-17','2000-1-1',0,0,1);
INSERT INTO `animal` (`animal_id`,`db_bridge_id`,`kennel_id`,`animal_name`,`species`,`birth_date`,`sex`,`altered`,`micro_chip`,`due_out_date`,`intake_date`,`weight`,`adopted`,`active`) VALUES (212293,'A212293',102,'',1,NULL,'Female',0,'None','2022-3-21','2000-1-1',0,0,1);
INSERT INTO `animal` (`animal_id`,`db_bridge_id`,`kennel_id`,`animal_name`,`species`,`birth_date`,`sex`,`altered`,`micro_chip`,`due_out_date`,`intake_date`,`weight`,`adopted`,`active`) VALUES (212296,'A212296',113,'Griffin',1,NULL,'Male',0,NULL,'2022-3-29','2000-1-1',0,0,1);
INSERT INTO `animal` (`animal_id`,`db_bridge_id`,`kennel_id`,`animal_name`,`species`,`birth_date`,`sex`,`altered`,`micro_chip`,`due_out_date`,`intake_date`,`weight`,`adopted`,`active`) VALUES (212299,'A212299',272,'Moose',1,'2019-1-1','Male',1,NULL,'2022-4-1','2000-1-1',0,0,1);
INSERT INTO `animal` (`animal_id`,`db_bridge_id`,`kennel_id`,`animal_name`,`species`,`birth_date`,`sex`,`altered`,`micro_chip`,`due_out_date`,`intake_date`,`weight`,`adopted`,`active`) VALUES (212306,'A212306',57,'',2,NULL,NULL,NULL,'None','2022-3-18','2000-1-1',0,0,1);
INSERT INTO `animal` (`animal_id`,`db_bridge_id`,`kennel_id`,`animal_name`,`species`,`birth_date`,`sex`,`altered`,`micro_chip`,`due_out_date`,`intake_date`,`weight`,`adopted`,`active`) VALUES (212308,'A212308',251,'One-eye-Willy',2,NULL,'Male',1,'None','2022-3-18','2000-1-1',0,0,1);
INSERT INTO `animal` (`animal_id`,`db_bridge_id`,`kennel_id`,`animal_name`,`species`,`birth_date`,`sex`,`altered`,`micro_chip`,`due_out_date`,`intake_date`,`weight`,`adopted`,`active`) VALUES (212317,'A212317',296,'Barnabee',2,'2020-1-1','Male',1,'None','2022-3-22','2000-1-1',0,0,1);
INSERT INTO `animal` (`animal_id`,`db_bridge_id`,`kennel_id`,`animal_name`,`species`,`birth_date`,`sex`,`altered`,`micro_chip`,`due_out_date`,`intake_date`,`weight`,`adopted`,`active`) VALUES (212322,'A212322',139,'',2,NULL,'Male',0,'None','2022-3-21','2000-1-1',0,0,1);
INSERT INTO `animal` (`animal_id`,`db_bridge_id`,`kennel_id`,`animal_name`,`species`,`birth_date`,`sex`,`altered`,`micro_chip`,`due_out_date`,`intake_date`,`weight`,`adopted`,`active`) VALUES (212323,'A212323',176,'',2,'2019-1-1','Male ',1,NULL,'2022-3-21','2000-1-1',0,0,1);
INSERT INTO `animal` (`animal_id`,`db_bridge_id`,`kennel_id`,`animal_name`,`species`,`birth_date`,`sex`,`altered`,`micro_chip`,`due_out_date`,`intake_date`,`weight`,`adopted`,`active`) VALUES (212327,'A212327',141,'Turtleneck',2,'2021-1-1','Male',1,'None','2022-3-21','2000-1-1',0,0,1);
INSERT INTO `animal` (`animal_id`,`db_bridge_id`,`kennel_id`,`animal_name`,`species`,`birth_date`,`sex`,`altered`,`micro_chip`,`due_out_date`,`intake_date`,`weight`,`adopted`,`active`) VALUES (212328,'A212328',172,'Socks',2,NULL,'Male',1,'None','2022-3-21','2000-1-1',0,0,1);
INSERT INTO `animal` (`animal_id`,`db_bridge_id`,`kennel_id`,`animal_name`,`species`,`birth_date`,`sex`,`altered`,`micro_chip`,`due_out_date`,`intake_date`,`weight`,`adopted`,`active`) VALUES (212334,'A212334',90,'Shadow',1,'2021-1-1','Female',0,'None','2022-3-21','2000-1-1',0,0,1);
INSERT INTO `animal` (`animal_id`,`db_bridge_id`,`kennel_id`,`animal_name`,`species`,`birth_date`,`sex`,`altered`,`micro_chip`,`due_out_date`,`intake_date`,`weight`,`adopted`,`active`) VALUES (212335,'A212335',103,'Blue',1,'2021-1-1','Male',0,NULL,'2022-3-23','2000-1-1',0,0,1);
INSERT INTO `animal` (`animal_id`,`db_bridge_id`,`kennel_id`,`animal_name`,`species`,`birth_date`,`sex`,`altered`,`micro_chip`,`due_out_date`,`intake_date`,`weight`,`adopted`,`active`) VALUES (212337,'A212337',270,'',1,'2021-9-1','Male',0,'None','2022-3-22','2000-1-1',0,0,1);
INSERT INTO `animal` (`animal_id`,`db_bridge_id`,`kennel_id`,`animal_name`,`species`,`birth_date`,`sex`,`altered`,`micro_chip`,`due_out_date`,`intake_date`,`weight`,`adopted`,`active`) VALUES (212338,'A212338',87,'',2,NULL,NULL,NULL,'None','2022-3-25','2000-1-1',0,0,1);
INSERT INTO `animal` (`animal_id`,`db_bridge_id`,`kennel_id`,`animal_name`,`species`,`birth_date`,`sex`,`altered`,`micro_chip`,`due_out_date`,`intake_date`,`weight`,`adopted`,`active`) VALUES (212341,'A212341',14,'Rufio',1,'2021-2-1','Male',1,'985113005252838    ','2022-3-15','2000-1-1',0,0,1);
INSERT INTO `animal` (`animal_id`,`db_bridge_id`,`kennel_id`,`animal_name`,`species`,`birth_date`,`sex`,`altered`,`micro_chip`,`due_out_date`,`intake_date`,`weight`,`adopted`,`active`) VALUES (212362,'A212362',92,'Chance',1,'2020-1-1','Female',1,'985141004549767    ','2022-3-23','2000-1-1',0,0,1);
INSERT INTO `animal` (`animal_id`,`db_bridge_id`,`kennel_id`,`animal_name`,`species`,`birth_date`,`sex`,`altered`,`micro_chip`,`due_out_date`,`intake_date`,`weight`,`adopted`,`active`) VALUES (212369,'A212369',110,'Rip',1,'2015-1-1','Male',0,'None','2022-3-21','2000-1-1',0,0,1);
INSERT INTO `animal` (`animal_id`,`db_bridge_id`,`kennel_id`,`animal_name`,`species`,`birth_date`,`sex`,`altered`,`micro_chip`,`due_out_date`,`intake_date`,`weight`,`adopted`,`active`) VALUES (212374,'A212374',266,'',1,NULL,'Male',0,'None','2022-3-22','2000-1-1',0,0,1);
INSERT INTO `animal` (`animal_id`,`db_bridge_id`,`kennel_id`,`animal_name`,`species`,`birth_date`,`sex`,`altered`,`micro_chip`,`due_out_date`,`intake_date`,`weight`,`adopted`,`active`) VALUES (212375,'A212375',287,'',1,NULL,NULL,NULL,'None','2022-3-23','2000-1-1',0,0,1);
INSERT INTO `animal` (`animal_id`,`db_bridge_id`,`kennel_id`,`animal_name`,`species`,`birth_date`,`sex`,`altered`,`micro_chip`,`due_out_date`,`intake_date`,`weight`,`adopted`,`active`) VALUES (212376,'A212376',286,'',1,'2021-1-1','Female',0,'None','2022-3-24','2000-1-1',0,0,1);
INSERT INTO `animal` (`animal_id`,`db_bridge_id`,`kennel_id`,`animal_name`,`species`,`birth_date`,`sex`,`altered`,`micro_chip`,`due_out_date`,`intake_date`,`weight`,`adopted`,`active`) VALUES (212377,'A212377',56,'',2,'2021-5-1','Female',1,'None','2022-3-16','2000-1-1',0,0,1);
INSERT INTO `animal` (`animal_id`,`db_bridge_id`,`kennel_id`,`animal_name`,`species`,`birth_date`,`sex`,`altered`,`micro_chip`,`due_out_date`,`intake_date`,`weight`,`adopted`,`active`) VALUES (212378,'A212378',53,'',2,'2021-5-1','Female',1,'None','2022-3-16','2000-1-1',0,0,1);
INSERT INTO `animal` (`animal_id`,`db_bridge_id`,`kennel_id`,`animal_name`,`species`,`birth_date`,`sex`,`altered`,`micro_chip`,`due_out_date`,`intake_date`,`weight`,`adopted`,`active`) VALUES (212385,'A212385',138,'',2,NULL,'Female',0,'None','2022-3-24','2000-1-1',0,0,1);
INSERT INTO `animal` (`animal_id`,`db_bridge_id`,`kennel_id`,`animal_name`,`species`,`birth_date`,`sex`,`altered`,`micro_chip`,`due_out_date`,`intake_date`,`weight`,`adopted`,`active`) VALUES (212386,'A212386',171,'',2,NULL,NULL,NULL,'None','2022-3-22','2000-1-1',0,0,1);
INSERT INTO `animal` (`animal_id`,`db_bridge_id`,`kennel_id`,`animal_name`,`species`,`birth_date`,`sex`,`altered`,`micro_chip`,`due_out_date`,`intake_date`,`weight`,`adopted`,`active`) VALUES (212387,'A212387',67,'',2,'2021-1-1','Male',0,'None','2022-3-16','2000-1-1',0,0,1);
INSERT INTO `animal` (`animal_id`,`db_bridge_id`,`kennel_id`,`animal_name`,`species`,`birth_date`,`sex`,`altered`,`micro_chip`,`due_out_date`,`intake_date`,`weight`,`adopted`,`active`) VALUES (212390,'A212390',172,'',2,NULL,NULL,NULL,'None','2022-3-24','2000-1-1',0,0,1);
INSERT INTO `animal` (`animal_id`,`db_bridge_id`,`kennel_id`,`animal_name`,`species`,`birth_date`,`sex`,`altered`,`micro_chip`,`due_out_date`,`intake_date`,`weight`,`adopted`,`active`) VALUES (212395,'A212395',140,'Taz',2,NULL,'Female',0,NULL,'2022-3-24','2000-1-1',0,0,1);
INSERT INTO `animal` (`animal_id`,`db_bridge_id`,`kennel_id`,`animal_name`,`species`,`birth_date`,`sex`,`altered`,`micro_chip`,`due_out_date`,`intake_date`,`weight`,`adopted`,`active`) VALUES (212396,'A212396',126,'',1,NULL,'Male',0,'None','2022-3-20','2000-1-1',0,0,1);
INSERT INTO `animal` (`animal_id`,`db_bridge_id`,`kennel_id`,`animal_name`,`species`,`birth_date`,`sex`,`altered`,`micro_chip`,`due_out_date`,`intake_date`,`weight`,`adopted`,`active`) VALUES (212397,'A212397',104,'',1,NULL,'Female',0,'None','2022-3-23','2000-1-1',0,0,1);
INSERT INTO `animal` (`animal_id`,`db_bridge_id`,`kennel_id`,`animal_name`,`species`,`birth_date`,`sex`,`altered`,`micro_chip`,`due_out_date`,`intake_date`,`weight`,`adopted`,`active`) VALUES (212398,'A212398',104,'',1,NULL,'Male',0,NULL,'2022-3-23','2000-1-1',0,0,1);
INSERT INTO `animal` (`animal_id`,`db_bridge_id`,`kennel_id`,`animal_name`,`species`,`birth_date`,`sex`,`altered`,`micro_chip`,`due_out_date`,`intake_date`,`weight`,`adopted`,`active`) VALUES (212401,'A212401',64,'Babygirl',2,'2014-1-1','Female',1,'None','2022-3-18','2000-1-1',0,0,1);
INSERT INTO `animal` (`animal_id`,`db_bridge_id`,`kennel_id`,`animal_name`,`species`,`birth_date`,`sex`,`altered`,`micro_chip`,`due_out_date`,`intake_date`,`weight`,`adopted`,`active`) VALUES (212407,'A212407',174,'',2,NULL,'Male',0,'None','2022-3-25','2000-1-1',0,0,1);
INSERT INTO `animal` (`animal_id`,`db_bridge_id`,`kennel_id`,`animal_name`,`species`,`birth_date`,`sex`,`altered`,`micro_chip`,`due_out_date`,`intake_date`,`weight`,`adopted`,`active`) VALUES (212421,'A212421',175,'',2,NULL,NULL,NULL,'None','2022-3-28','2000-1-1',0,0,1);
INSERT INTO `animal` (`animal_id`,`db_bridge_id`,`kennel_id`,`animal_name`,`species`,`birth_date`,`sex`,`altered`,`micro_chip`,`due_out_date`,`intake_date`,`weight`,`adopted`,`active`) VALUES (212427,'A212427',142,'',2,NULL,'Male',0,NULL,'2022-3-28','2000-1-1',0,0,1);
INSERT INTO `animal` (`animal_id`,`db_bridge_id`,`kennel_id`,`animal_name`,`species`,`birth_date`,`sex`,`altered`,`micro_chip`,`due_out_date`,`intake_date`,`weight`,`adopted`,`active`) VALUES (212429,'A212429',115,'',1,NULL,'Male',0,NULL,'2022-3-28','2000-1-1',0,0,1);
INSERT INTO `animal` (`animal_id`,`db_bridge_id`,`kennel_id`,`animal_name`,`species`,`birth_date`,`sex`,`altered`,`micro_chip`,`due_out_date`,`intake_date`,`weight`,`adopted`,`active`) VALUES (212433,'A212433',292,'',2,NULL,NULL,NULL,'None','2022-3-24','2000-1-1',0,0,1);
INSERT INTO `animal` (`animal_id`,`db_bridge_id`,`kennel_id`,`animal_name`,`species`,`birth_date`,`sex`,`altered`,`micro_chip`,`due_out_date`,`intake_date`,`weight`,`adopted`,`active`) VALUES (212441,'A212441',173,'',2,NULL,'Female',0,'None','2022-3-28','2000-1-1',0,0,1);

INSERT INTO animal_color (`animal_color`,`animal_id`,`color_id`) VALUES (1,124175,1);
INSERT INTO animal_color (`animal_color`,`animal_id`,`color_id`) VALUES (2,173248,4);
INSERT INTO animal_color (`animal_color`,`animal_id`,`color_id`) VALUES (3,173248,19);
INSERT INTO animal_color (`animal_color`,`animal_id`,`color_id`) VALUES (4,173843,16);
INSERT INTO animal_color (`animal_color`,`animal_id`,`color_id`) VALUES (5,173843,22);
INSERT INTO animal_color (`animal_color`,`animal_id`,`color_id`) VALUES (6,184279,7);
INSERT INTO animal_color (`animal_color`,`animal_id`,`color_id`) VALUES (7,185549,16);
INSERT INTO animal_color (`animal_color`,`animal_id`,`color_id`) VALUES (8,185549,22);
INSERT INTO animal_color (`animal_color`,`animal_id`,`color_id`) VALUES (9,186463,1);
INSERT INTO animal_color (`animal_color`,`animal_id`,`color_id`) VALUES (10,186463,22);
INSERT INTO animal_color (`animal_color`,`animal_id`,`color_id`) VALUES (11,188127,22);
INSERT INTO animal_color (`animal_color`,`animal_id`,`color_id`) VALUES (12,188127,20);
INSERT INTO animal_color (`animal_color`,`animal_id`,`color_id`) VALUES (13,194068,13);
INSERT INTO animal_color (`animal_color`,`animal_id`,`color_id`) VALUES (14,194068,22);
INSERT INTO animal_color (`animal_color`,`animal_id`,`color_id`) VALUES (15,195932,4);
INSERT INTO animal_color (`animal_color`,`animal_id`,`color_id`) VALUES (16,197411,11);
INSERT INTO animal_color (`animal_color`,`animal_id`,`color_id`) VALUES (17,197411,6);
INSERT INTO animal_color (`animal_color`,`animal_id`,`color_id`) VALUES (18,197766,1);
INSERT INTO animal_color (`animal_color`,`animal_id`,`color_id`) VALUES (19,197766,22);
INSERT INTO animal_color (`animal_color`,`animal_id`,`color_id`) VALUES (20,199662,16);
INSERT INTO animal_color (`animal_color`,`animal_id`,`color_id`) VALUES (21,199662,22);
INSERT INTO animal_color (`animal_color`,`animal_id`,`color_id`) VALUES (22,199766,18);
INSERT INTO animal_color (`animal_color`,`animal_id`,`color_id`) VALUES (23,199766,22);
INSERT INTO animal_color (`animal_color`,`animal_id`,`color_id`) VALUES (24,201956,1);
INSERT INTO animal_color (`animal_color`,`animal_id`,`color_id`) VALUES (25,206997,4);
INSERT INTO animal_color (`animal_color`,`animal_id`,`color_id`) VALUES (26,206997,19);
INSERT INTO animal_color (`animal_color`,`animal_id`,`color_id`) VALUES (27,207540,1);
INSERT INTO animal_color (`animal_color`,`animal_id`,`color_id`) VALUES (28,207540,22);
INSERT INTO animal_color (`animal_color`,`animal_id`,`color_id`) VALUES (29,207659,4);
INSERT INTO animal_color (`animal_color`,`animal_id`,`color_id`) VALUES (30,207659,22);
INSERT INTO animal_color (`animal_color`,`animal_id`,`color_id`) VALUES (31,207659,3);
INSERT INTO animal_color (`animal_color`,`animal_id`,`color_id`) VALUES (32,208488,20);
INSERT INTO animal_color (`animal_color`,`animal_id`,`color_id`) VALUES (33,209008,8);
INSERT INTO animal_color (`animal_color`,`animal_id`,`color_id`) VALUES (34,209008,22);
INSERT INTO animal_color (`animal_color`,`animal_id`,`color_id`) VALUES (35,209265,1);
INSERT INTO animal_color (`animal_color`,`animal_id`,`color_id`) VALUES (36,209547,21);
INSERT INTO animal_color (`animal_color`,`animal_id`,`color_id`) VALUES (37,209558,22);
INSERT INTO animal_color (`animal_color`,`animal_id`,`color_id`) VALUES (38,209558,4);
INSERT INTO animal_color (`animal_color`,`animal_id`,`color_id`) VALUES (39,210164,13);
INSERT INTO animal_color (`animal_color`,`animal_id`,`color_id`) VALUES (40,210164,19);
INSERT INTO animal_color (`animal_color`,`animal_id`,`color_id`) VALUES (41,210287,16);
INSERT INTO animal_color (`animal_color`,`animal_id`,`color_id`) VALUES (42,210287,22);
INSERT INTO animal_color (`animal_color`,`animal_id`,`color_id`) VALUES (43,210394,1);
INSERT INTO animal_color (`animal_color`,`animal_id`,`color_id`) VALUES (44,210394,22);
INSERT INTO animal_color (`animal_color`,`animal_id`,`color_id`) VALUES (45,210488,1);
INSERT INTO animal_color (`animal_color`,`animal_id`,`color_id`) VALUES (46,210488,22);
INSERT INTO animal_color (`animal_color`,`animal_id`,`color_id`) VALUES (47,210593,4);
INSERT INTO animal_color (`animal_color`,`animal_id`,`color_id`) VALUES (48,210593,3);
INSERT INTO animal_color (`animal_color`,`animal_id`,`color_id`) VALUES (49,210615,18);
INSERT INTO animal_color (`animal_color`,`animal_id`,`color_id`) VALUES (50,210615,22);
INSERT INTO animal_color (`animal_color`,`animal_id`,`color_id`) VALUES (51,210689,1);
INSERT INTO animal_color (`animal_color`,`animal_id`,`color_id`) VALUES (52,210725,1);
INSERT INTO animal_color (`animal_color`,`animal_id`,`color_id`) VALUES (53,210725,22);
INSERT INTO animal_color (`animal_color`,`animal_id`,`color_id`) VALUES (54,210728,16);
INSERT INTO animal_color (`animal_color`,`animal_id`,`color_id`) VALUES (55,210728,19);
INSERT INTO animal_color (`animal_color`,`animal_id`,`color_id`) VALUES (56,210729,1);
INSERT INTO animal_color (`animal_color`,`animal_id`,`color_id`) VALUES (57,210729,4);
INSERT INTO animal_color (`animal_color`,`animal_id`,`color_id`) VALUES (58,210735,4);
INSERT INTO animal_color (`animal_color`,`animal_id`,`color_id`) VALUES (59,210735,3);
INSERT INTO animal_color (`animal_color`,`animal_id`,`color_id`) VALUES (60,210799,15);
INSERT INTO animal_color (`animal_color`,`animal_id`,`color_id`) VALUES (61,210809,13);
INSERT INTO animal_color (`animal_color`,`animal_id`,`color_id`) VALUES (62,210809,22);
INSERT INTO animal_color (`animal_color`,`animal_id`,`color_id`) VALUES (63,210847,2);
INSERT INTO animal_color (`animal_color`,`animal_id`,`color_id`) VALUES (64,210847,21);
INSERT INTO animal_color (`animal_color`,`animal_id`,`color_id`) VALUES (65,210855,1);
INSERT INTO animal_color (`animal_color`,`animal_id`,`color_id`) VALUES (66,210855,22);
INSERT INTO animal_color (`animal_color`,`animal_id`,`color_id`) VALUES (67,210877,1);
INSERT INTO animal_color (`animal_color`,`animal_id`,`color_id`) VALUES (68,210877,22);
INSERT INTO animal_color (`animal_color`,`animal_id`,`color_id`) VALUES (69,210904,22);
INSERT INTO animal_color (`animal_color`,`animal_id`,`color_id`) VALUES (70,210904,23);
INSERT INTO animal_color (`animal_color`,`animal_id`,`color_id`) VALUES (71,210950,1);
INSERT INTO animal_color (`animal_color`,`animal_id`,`color_id`) VALUES (72,210997,20);
INSERT INTO animal_color (`animal_color`,`animal_id`,`color_id`) VALUES (73,210997,1);
INSERT INTO animal_color (`animal_color`,`animal_id`,`color_id`) VALUES (74,211013,18);
INSERT INTO animal_color (`animal_color`,`animal_id`,`color_id`) VALUES (75,211020,6);
INSERT INTO animal_color (`animal_color`,`animal_id`,`color_id`) VALUES (76,211028,1);
INSERT INTO animal_color (`animal_color`,`animal_id`,`color_id`) VALUES (77,211041,1);
INSERT INTO animal_color (`animal_color`,`animal_id`,`color_id`) VALUES (78,211041,20);
INSERT INTO animal_color (`animal_color`,`animal_id`,`color_id`) VALUES (79,211043,1);
INSERT INTO animal_color (`animal_color`,`animal_id`,`color_id`) VALUES (80,211065,22);
INSERT INTO animal_color (`animal_color`,`animal_id`,`color_id`) VALUES (81,211065,16);
INSERT INTO animal_color (`animal_color`,`animal_id`,`color_id`) VALUES (82,211068,18);
INSERT INTO animal_color (`animal_color`,`animal_id`,`color_id`) VALUES (83,211068,1);
INSERT INTO animal_color (`animal_color`,`animal_id`,`color_id`) VALUES (84,211079,1);
INSERT INTO animal_color (`animal_color`,`animal_id`,`color_id`) VALUES (85,211082,11);
INSERT INTO animal_color (`animal_color`,`animal_id`,`color_id`) VALUES (86,211098,20);
INSERT INTO animal_color (`animal_color`,`animal_id`,`color_id`) VALUES (87,211120,13);
INSERT INTO animal_color (`animal_color`,`animal_id`,`color_id`) VALUES (88,211120,19);
INSERT INTO animal_color (`animal_color`,`animal_id`,`color_id`) VALUES (89,211143,1);
INSERT INTO animal_color (`animal_color`,`animal_id`,`color_id`) VALUES (90,211177,17);
INSERT INTO animal_color (`animal_color`,`animal_id`,`color_id`) VALUES (91,211177,19);
INSERT INTO animal_color (`animal_color`,`animal_id`,`color_id`) VALUES (92,211198,4);
INSERT INTO animal_color (`animal_color`,`animal_id`,`color_id`) VALUES (93,211198,19);
INSERT INTO animal_color (`animal_color`,`animal_id`,`color_id`) VALUES (94,211205,23);
INSERT INTO animal_color (`animal_color`,`animal_id`,`color_id`) VALUES (95,211226,1);
INSERT INTO animal_color (`animal_color`,`animal_id`,`color_id`) VALUES (96,211227,1);
INSERT INTO animal_color (`animal_color`,`animal_id`,`color_id`) VALUES (97,211228,18);
INSERT INTO animal_color (`animal_color`,`animal_id`,`color_id`) VALUES (98,211233,1);
INSERT INTO animal_color (`animal_color`,`animal_id`,`color_id`) VALUES (99,211233,22);
INSERT INTO animal_color (`animal_color`,`animal_id`,`color_id`) VALUES (100,211245,1);
INSERT INTO animal_color (`animal_color`,`animal_id`,`color_id`) VALUES (101,211246,4);
INSERT INTO animal_color (`animal_color`,`animal_id`,`color_id`) VALUES (102,211246,3);
INSERT INTO animal_color (`animal_color`,`animal_id`,`color_id`) VALUES (103,211262,22);
INSERT INTO animal_color (`animal_color`,`animal_id`,`color_id`) VALUES (104,211262,13);
INSERT INTO animal_color (`animal_color`,`animal_id`,`color_id`) VALUES (105,211288,16);
INSERT INTO animal_color (`animal_color`,`animal_id`,`color_id`) VALUES (106,211288,19);
INSERT INTO animal_color (`animal_color`,`animal_id`,`color_id`) VALUES (107,211290,17);
INSERT INTO animal_color (`animal_color`,`animal_id`,`color_id`) VALUES (108,211290,19);
INSERT INTO animal_color (`animal_color`,`animal_id`,`color_id`) VALUES (109,211335,4);
INSERT INTO animal_color (`animal_color`,`animal_id`,`color_id`) VALUES (110,211335,22);
INSERT INTO animal_color (`animal_color`,`animal_id`,`color_id`) VALUES (111,211348,1);
INSERT INTO animal_color (`animal_color`,`animal_id`,`color_id`) VALUES (112,211348,4);
INSERT INTO animal_color (`animal_color`,`animal_id`,`color_id`) VALUES (113,211353,4);
INSERT INTO animal_color (`animal_color`,`animal_id`,`color_id`) VALUES (114,211353,19);
INSERT INTO animal_color (`animal_color`,`animal_id`,`color_id`) VALUES (115,211376,20);
INSERT INTO animal_color (`animal_color`,`animal_id`,`color_id`) VALUES (116,211382,1);
INSERT INTO animal_color (`animal_color`,`animal_id`,`color_id`) VALUES (117,211382,22);
INSERT INTO animal_color (`animal_color`,`animal_id`,`color_id`) VALUES (118,211396,23);
INSERT INTO animal_color (`animal_color`,`animal_id`,`color_id`) VALUES (119,211396,22);
INSERT INTO animal_color (`animal_color`,`animal_id`,`color_id`) VALUES (120,211406,13);
INSERT INTO animal_color (`animal_color`,`animal_id`,`color_id`) VALUES (121,211406,22);
INSERT INTO animal_color (`animal_color`,`animal_id`,`color_id`) VALUES (122,211408,1);
INSERT INTO animal_color (`animal_color`,`animal_id`,`color_id`) VALUES (123,211409,6);
INSERT INTO animal_color (`animal_color`,`animal_id`,`color_id`) VALUES (124,211409,22);
INSERT INTO animal_color (`animal_color`,`animal_id`,`color_id`) VALUES (125,211410,22);
INSERT INTO animal_color (`animal_color`,`animal_id`,`color_id`) VALUES (126,211410,1);
INSERT INTO animal_color (`animal_color`,`animal_id`,`color_id`) VALUES (127,211411,22);
INSERT INTO animal_color (`animal_color`,`animal_id`,`color_id`) VALUES (128,211411,13);
INSERT INTO animal_color (`animal_color`,`animal_id`,`color_id`) VALUES (129,211418,13);
INSERT INTO animal_color (`animal_color`,`animal_id`,`color_id`) VALUES (130,211418,19);
INSERT INTO animal_color (`animal_color`,`animal_id`,`color_id`) VALUES (131,211425,15);
INSERT INTO animal_color (`animal_color`,`animal_id`,`color_id`) VALUES (132,211427,22);
INSERT INTO animal_color (`animal_color`,`animal_id`,`color_id`) VALUES (133,211427,1);
INSERT INTO animal_color (`animal_color`,`animal_id`,`color_id`) VALUES (134,211429,22);
INSERT INTO animal_color (`animal_color`,`animal_id`,`color_id`) VALUES (135,211429,1);
INSERT INTO animal_color (`animal_color`,`animal_id`,`color_id`) VALUES (136,211436,22);
INSERT INTO animal_color (`animal_color`,`animal_id`,`color_id`) VALUES (137,211436,1);
INSERT INTO animal_color (`animal_color`,`animal_id`,`color_id`) VALUES (138,211437,13);
INSERT INTO animal_color (`animal_color`,`animal_id`,`color_id`) VALUES (139,211437,19);
INSERT INTO animal_color (`animal_color`,`animal_id`,`color_id`) VALUES (140,211438,16);
INSERT INTO animal_color (`animal_color`,`animal_id`,`color_id`) VALUES (141,211438,19);
INSERT INTO animal_color (`animal_color`,`animal_id`,`color_id`) VALUES (142,211438,22);
INSERT INTO animal_color (`animal_color`,`animal_id`,`color_id`) VALUES (143,211441,22);
INSERT INTO animal_color (`animal_color`,`animal_id`,`color_id`) VALUES (144,211441,13);
INSERT INTO animal_color (`animal_color`,`animal_id`,`color_id`) VALUES (145,211451,4);
INSERT INTO animal_color (`animal_color`,`animal_id`,`color_id`) VALUES (146,211451,3);
INSERT INTO animal_color (`animal_color`,`animal_id`,`color_id`) VALUES (147,211451,22);
INSERT INTO animal_color (`animal_color`,`animal_id`,`color_id`) VALUES (148,211455,9);
INSERT INTO animal_color (`animal_color`,`animal_id`,`color_id`) VALUES (149,211459,22);
INSERT INTO animal_color (`animal_color`,`animal_id`,`color_id`) VALUES (150,211459,1);
INSERT INTO animal_color (`animal_color`,`animal_id`,`color_id`) VALUES (151,211460,21);
INSERT INTO animal_color (`animal_color`,`animal_id`,`color_id`) VALUES (152,211462,1);
INSERT INTO animal_color (`animal_color`,`animal_id`,`color_id`) VALUES (153,211462,20);
INSERT INTO animal_color (`animal_color`,`animal_id`,`color_id`) VALUES (154,211465,1);
INSERT INTO animal_color (`animal_color`,`animal_id`,`color_id`) VALUES (155,211465,20);
INSERT INTO animal_color (`animal_color`,`animal_id`,`color_id`) VALUES (156,211466,22);
INSERT INTO animal_color (`animal_color`,`animal_id`,`color_id`) VALUES (157,211466,1);
INSERT INTO animal_color (`animal_color`,`animal_id`,`color_id`) VALUES (158,211485,18);
INSERT INTO animal_color (`animal_color`,`animal_id`,`color_id`) VALUES (159,211486,19);
INSERT INTO animal_color (`animal_color`,`animal_id`,`color_id`) VALUES (160,211486,17);
INSERT INTO animal_color (`animal_color`,`animal_id`,`color_id`) VALUES (161,211495,1);
INSERT INTO animal_color (`animal_color`,`animal_id`,`color_id`) VALUES (162,211499,1);
INSERT INTO animal_color (`animal_color`,`animal_id`,`color_id`) VALUES (163,211499,22);
INSERT INTO animal_color (`animal_color`,`animal_id`,`color_id`) VALUES (164,211504,4);
INSERT INTO animal_color (`animal_color`,`animal_id`,`color_id`) VALUES (165,211504,19);
INSERT INTO animal_color (`animal_color`,`animal_id`,`color_id`) VALUES (166,211505,4);
INSERT INTO animal_color (`animal_color`,`animal_id`,`color_id`) VALUES (167,211505,19);
INSERT INTO animal_color (`animal_color`,`animal_id`,`color_id`) VALUES (168,211511,4);
INSERT INTO animal_color (`animal_color`,`animal_id`,`color_id`) VALUES (169,211511,19);
INSERT INTO animal_color (`animal_color`,`animal_id`,`color_id`) VALUES (170,211511,22);
INSERT INTO animal_color (`animal_color`,`animal_id`,`color_id`) VALUES (171,211512,4);
INSERT INTO animal_color (`animal_color`,`animal_id`,`color_id`) VALUES (172,211512,19);
INSERT INTO animal_color (`animal_color`,`animal_id`,`color_id`) VALUES (173,211512,22);
INSERT INTO animal_color (`animal_color`,`animal_id`,`color_id`) VALUES (174,211519,22);
INSERT INTO animal_color (`animal_color`,`animal_id`,`color_id`) VALUES (175,211519,1);
INSERT INTO animal_color (`animal_color`,`animal_id`,`color_id`) VALUES (176,211522,6);
INSERT INTO animal_color (`animal_color`,`animal_id`,`color_id`) VALUES (177,211526,20);
INSERT INTO animal_color (`animal_color`,`animal_id`,`color_id`) VALUES (178,211526,1);
INSERT INTO animal_color (`animal_color`,`animal_id`,`color_id`) VALUES (179,211529,16);
INSERT INTO animal_color (`animal_color`,`animal_id`,`color_id`) VALUES (180,211529,19);
INSERT INTO animal_color (`animal_color`,`animal_id`,`color_id`) VALUES (181,211530,11);
INSERT INTO animal_color (`animal_color`,`animal_id`,`color_id`) VALUES (182,211534,1);
INSERT INTO animal_color (`animal_color`,`animal_id`,`color_id`) VALUES (183,211534,22);
INSERT INTO animal_color (`animal_color`,`animal_id`,`color_id`) VALUES (184,211537,10);
INSERT INTO animal_color (`animal_color`,`animal_id`,`color_id`) VALUES (185,211537,19);
INSERT INTO animal_color (`animal_color`,`animal_id`,`color_id`) VALUES (186,211542,23);
INSERT INTO animal_color (`animal_color`,`animal_id`,`color_id`) VALUES (187,211543,22);
INSERT INTO animal_color (`animal_color`,`animal_id`,`color_id`) VALUES (188,211543,4);
INSERT INTO animal_color (`animal_color`,`animal_id`,`color_id`) VALUES (189,211543,19);
INSERT INTO animal_color (`animal_color`,`animal_id`,`color_id`) VALUES (190,211544,22);
INSERT INTO animal_color (`animal_color`,`animal_id`,`color_id`) VALUES (191,211544,2);
INSERT INTO animal_color (`animal_color`,`animal_id`,`color_id`) VALUES (192,211545,15);
INSERT INTO animal_color (`animal_color`,`animal_id`,`color_id`) VALUES (193,211546,22);
INSERT INTO animal_color (`animal_color`,`animal_id`,`color_id`) VALUES (194,211546,1);
INSERT INTO animal_color (`animal_color`,`animal_id`,`color_id`) VALUES (195,211547,22);
INSERT INTO animal_color (`animal_color`,`animal_id`,`color_id`) VALUES (196,211547,1);
INSERT INTO animal_color (`animal_color`,`animal_id`,`color_id`) VALUES (197,211547,19);
INSERT INTO animal_color (`animal_color`,`animal_id`,`color_id`) VALUES (198,211548,4);
INSERT INTO animal_color (`animal_color`,`animal_id`,`color_id`) VALUES (199,211548,19);
INSERT INTO animal_color (`animal_color`,`animal_id`,`color_id`) VALUES (200,211548,22);
INSERT INTO animal_color (`animal_color`,`animal_id`,`color_id`) VALUES (201,211549,20);
INSERT INTO animal_color (`animal_color`,`animal_id`,`color_id`) VALUES (202,211549,1);
INSERT INTO animal_color (`animal_color`,`animal_id`,`color_id`) VALUES (203,211554,4);
INSERT INTO animal_color (`animal_color`,`animal_id`,`color_id`) VALUES (204,211554,19);
INSERT INTO animal_color (`animal_color`,`animal_id`,`color_id`) VALUES (205,211556,22);
INSERT INTO animal_color (`animal_color`,`animal_id`,`color_id`) VALUES (206,211556,1);
INSERT INTO animal_color (`animal_color`,`animal_id`,`color_id`) VALUES (207,211557,22);
INSERT INTO animal_color (`animal_color`,`animal_id`,`color_id`) VALUES (208,211557,1);
INSERT INTO animal_color (`animal_color`,`animal_id`,`color_id`) VALUES (209,211559,1);
INSERT INTO animal_color (`animal_color`,`animal_id`,`color_id`) VALUES (210,211568,17);
INSERT INTO animal_color (`animal_color`,`animal_id`,`color_id`) VALUES (211,211568,19);
INSERT INTO animal_color (`animal_color`,`animal_id`,`color_id`) VALUES (212,211569,20);
INSERT INTO animal_color (`animal_color`,`animal_id`,`color_id`) VALUES (213,211569,22);
INSERT INTO animal_color (`animal_color`,`animal_id`,`color_id`) VALUES (214,211575,16);
INSERT INTO animal_color (`animal_color`,`animal_id`,`color_id`) VALUES (215,211575,19);
INSERT INTO animal_color (`animal_color`,`animal_id`,`color_id`) VALUES (216,211576,8);
INSERT INTO animal_color (`animal_color`,`animal_id`,`color_id`) VALUES (217,211576,20);
INSERT INTO animal_color (`animal_color`,`animal_id`,`color_id`) VALUES (218,211578,22);
INSERT INTO animal_color (`animal_color`,`animal_id`,`color_id`) VALUES (219,211578,21);
INSERT INTO animal_color (`animal_color`,`animal_id`,`color_id`) VALUES (220,211591,13);
INSERT INTO animal_color (`animal_color`,`animal_id`,`color_id`) VALUES (221,211591,22);
INSERT INTO animal_color (`animal_color`,`animal_id`,`color_id`) VALUES (222,211593,4);
INSERT INTO animal_color (`animal_color`,`animal_id`,`color_id`) VALUES (223,211593,19);
INSERT INTO animal_color (`animal_color`,`animal_id`,`color_id`) VALUES (224,211594,22);
INSERT INTO animal_color (`animal_color`,`animal_id`,`color_id`) VALUES (225,211594,13);
INSERT INTO animal_color (`animal_color`,`animal_id`,`color_id`) VALUES (226,211595,16);
INSERT INTO animal_color (`animal_color`,`animal_id`,`color_id`) VALUES (227,211595,1);
INSERT INTO animal_color (`animal_color`,`animal_id`,`color_id`) VALUES (228,211597,4);
INSERT INTO animal_color (`animal_color`,`animal_id`,`color_id`) VALUES (229,211597,1);
INSERT INTO animal_color (`animal_color`,`animal_id`,`color_id`) VALUES (230,211599,4);
INSERT INTO animal_color (`animal_color`,`animal_id`,`color_id`) VALUES (231,211599,19);
INSERT INTO animal_color (`animal_color`,`animal_id`,`color_id`) VALUES (232,211599,22);
INSERT INTO animal_color (`animal_color`,`animal_id`,`color_id`) VALUES (233,211601,1);
INSERT INTO animal_color (`animal_color`,`animal_id`,`color_id`) VALUES (234,211601,22);
INSERT INTO animal_color (`animal_color`,`animal_id`,`color_id`) VALUES (235,211604,10);
INSERT INTO animal_color (`animal_color`,`animal_id`,`color_id`) VALUES (236,211604,19);
INSERT INTO animal_color (`animal_color`,`animal_id`,`color_id`) VALUES (237,211607,1);
INSERT INTO animal_color (`animal_color`,`animal_id`,`color_id`) VALUES (238,211607,20);
INSERT INTO animal_color (`animal_color`,`animal_id`,`color_id`) VALUES (239,211611,13);
INSERT INTO animal_color (`animal_color`,`animal_id`,`color_id`) VALUES (240,211611,22);
INSERT INTO animal_color (`animal_color`,`animal_id`,`color_id`) VALUES (241,211613,14);
INSERT INTO animal_color (`animal_color`,`animal_id`,`color_id`) VALUES (242,211613,22);
INSERT INTO animal_color (`animal_color`,`animal_id`,`color_id`) VALUES (243,211614,22);
INSERT INTO animal_color (`animal_color`,`animal_id`,`color_id`) VALUES (244,211617,4);
INSERT INTO animal_color (`animal_color`,`animal_id`,`color_id`) VALUES (245,211617,19);
INSERT INTO animal_color (`animal_color`,`animal_id`,`color_id`) VALUES (246,211618,1);
INSERT INTO animal_color (`animal_color`,`animal_id`,`color_id`) VALUES (247,211620,22);
INSERT INTO animal_color (`animal_color`,`animal_id`,`color_id`) VALUES (248,211622,1);
INSERT INTO animal_color (`animal_color`,`animal_id`,`color_id`) VALUES (249,211627,20);
INSERT INTO animal_color (`animal_color`,`animal_id`,`color_id`) VALUES (250,211627,1);
INSERT INTO animal_color (`animal_color`,`animal_id`,`color_id`) VALUES (251,211628,1);
INSERT INTO animal_color (`animal_color`,`animal_id`,`color_id`) VALUES (252,211630,10);
INSERT INTO animal_color (`animal_color`,`animal_id`,`color_id`) VALUES (253,211630,19);
INSERT INTO animal_color (`animal_color`,`animal_id`,`color_id`) VALUES (254,211631,20);
INSERT INTO animal_color (`animal_color`,`animal_id`,`color_id`) VALUES (255,211631,22);
INSERT INTO animal_color (`animal_color`,`animal_id`,`color_id`) VALUES (256,211635,20);
INSERT INTO animal_color (`animal_color`,`animal_id`,`color_id`) VALUES (257,211635,22);
INSERT INTO animal_color (`animal_color`,`animal_id`,`color_id`) VALUES (258,211636,11);
INSERT INTO animal_color (`animal_color`,`animal_id`,`color_id`) VALUES (259,211637,16);
INSERT INTO animal_color (`animal_color`,`animal_id`,`color_id`) VALUES (260,211637,19);
INSERT INTO animal_color (`animal_color`,`animal_id`,`color_id`) VALUES (261,211638,11);
INSERT INTO animal_color (`animal_color`,`animal_id`,`color_id`) VALUES (262,211639,19);
INSERT INTO animal_color (`animal_color`,`animal_id`,`color_id`) VALUES (263,211639,16);
INSERT INTO animal_color (`animal_color`,`animal_id`,`color_id`) VALUES (264,211678,1);
INSERT INTO animal_color (`animal_color`,`animal_id`,`color_id`) VALUES (265,211678,20);
INSERT INTO animal_color (`animal_color`,`animal_id`,`color_id`) VALUES (266,211768,1);
INSERT INTO animal_color (`animal_color`,`animal_id`,`color_id`) VALUES (267,211768,4);
INSERT INTO animal_color (`animal_color`,`animal_id`,`color_id`) VALUES (268,211786,1);
INSERT INTO animal_color (`animal_color`,`animal_id`,`color_id`) VALUES (269,211790,15);
INSERT INTO animal_color (`animal_color`,`animal_id`,`color_id`) VALUES (270,211797,22);
INSERT INTO animal_color (`animal_color`,`animal_id`,`color_id`) VALUES (271,211797,1);
INSERT INTO animal_color (`animal_color`,`animal_id`,`color_id`) VALUES (272,211858,17);
INSERT INTO animal_color (`animal_color`,`animal_id`,`color_id`) VALUES (273,211858,19);
INSERT INTO animal_color (`animal_color`,`animal_id`,`color_id`) VALUES (274,211869,22);
INSERT INTO animal_color (`animal_color`,`animal_id`,`color_id`) VALUES (275,211869,1);
INSERT INTO animal_color (`animal_color`,`animal_id`,`color_id`) VALUES (276,211889,22);
INSERT INTO animal_color (`animal_color`,`animal_id`,`color_id`) VALUES (277,211889,1);
INSERT INTO animal_color (`animal_color`,`animal_id`,`color_id`) VALUES (278,211891,4);
INSERT INTO animal_color (`animal_color`,`animal_id`,`color_id`) VALUES (279,211891,3);
INSERT INTO animal_color (`animal_color`,`animal_id`,`color_id`) VALUES (280,211915,1);
INSERT INTO animal_color (`animal_color`,`animal_id`,`color_id`) VALUES (281,211955,1);
INSERT INTO animal_color (`animal_color`,`animal_id`,`color_id`) VALUES (282,211955,20);
INSERT INTO animal_color (`animal_color`,`animal_id`,`color_id`) VALUES (283,212013,18);
INSERT INTO animal_color (`animal_color`,`animal_id`,`color_id`) VALUES (284,212031,22);
INSERT INTO animal_color (`animal_color`,`animal_id`,`color_id`) VALUES (285,212031,4);
INSERT INTO animal_color (`animal_color`,`animal_id`,`color_id`) VALUES (286,212092,11);
INSERT INTO animal_color (`animal_color`,`animal_id`,`color_id`) VALUES (287,212115,22);
INSERT INTO animal_color (`animal_color`,`animal_id`,`color_id`) VALUES (288,212115,1);
INSERT INTO animal_color (`animal_color`,`animal_id`,`color_id`) VALUES (289,212116,12);
INSERT INTO animal_color (`animal_color`,`animal_id`,`color_id`) VALUES (290,212116,22);
INSERT INTO animal_color (`animal_color`,`animal_id`,`color_id`) VALUES (291,212117,12);
INSERT INTO animal_color (`animal_color`,`animal_id`,`color_id`) VALUES (292,212117,22);
INSERT INTO animal_color (`animal_color`,`animal_id`,`color_id`) VALUES (293,212209,1);
INSERT INTO animal_color (`animal_color`,`animal_id`,`color_id`) VALUES (294,212209,20);
INSERT INTO animal_color (`animal_color`,`animal_id`,`color_id`) VALUES (295,212227,11);
INSERT INTO animal_color (`animal_color`,`animal_id`,`color_id`) VALUES (296,212244,12);
INSERT INTO animal_color (`animal_color`,`animal_id`,`color_id`) VALUES (297,212244,22);
INSERT INTO animal_color (`animal_color`,`animal_id`,`color_id`) VALUES (298,212245,22);
INSERT INTO animal_color (`animal_color`,`animal_id`,`color_id`) VALUES (299,212245,1);
INSERT INTO animal_color (`animal_color`,`animal_id`,`color_id`) VALUES (300,212249,13);
INSERT INTO animal_color (`animal_color`,`animal_id`,`color_id`) VALUES (301,212249,22);
INSERT INTO animal_color (`animal_color`,`animal_id`,`color_id`) VALUES (302,212278,4);
INSERT INTO animal_color (`animal_color`,`animal_id`,`color_id`) VALUES (303,212278,19);
INSERT INTO animal_color (`animal_color`,`animal_id`,`color_id`) VALUES (304,212278,22);
INSERT INTO animal_color (`animal_color`,`animal_id`,`color_id`) VALUES (305,212284,4);
INSERT INTO animal_color (`animal_color`,`animal_id`,`color_id`) VALUES (306,212284,22);
INSERT INTO animal_color (`animal_color`,`animal_id`,`color_id`) VALUES (307,212288,22);
INSERT INTO animal_color (`animal_color`,`animal_id`,`color_id`) VALUES (308,212288,1);
INSERT INTO animal_color (`animal_color`,`animal_id`,`color_id`) VALUES (309,212289,22);
INSERT INTO animal_color (`animal_color`,`animal_id`,`color_id`) VALUES (310,212289,1);
INSERT INTO animal_color (`animal_color`,`animal_id`,`color_id`) VALUES (311,212293,13);
INSERT INTO animal_color (`animal_color`,`animal_id`,`color_id`) VALUES (312,212293,22);
INSERT INTO animal_color (`animal_color`,`animal_id`,`color_id`) VALUES (313,212296,18);
INSERT INTO animal_color (`animal_color`,`animal_id`,`color_id`) VALUES (314,212296,22);
INSERT INTO animal_color (`animal_color`,`animal_id`,`color_id`) VALUES (315,212299,1);
INSERT INTO animal_color (`animal_color`,`animal_id`,`color_id`) VALUES (316,212306,22);
INSERT INTO animal_color (`animal_color`,`animal_id`,`color_id`) VALUES (317,212306,13);
INSERT INTO animal_color (`animal_color`,`animal_id`,`color_id`) VALUES (318,212308,22);
INSERT INTO animal_color (`animal_color`,`animal_id`,`color_id`) VALUES (319,212308,1);
INSERT INTO animal_color (`animal_color`,`animal_id`,`color_id`) VALUES (320,212317,4);
INSERT INTO animal_color (`animal_color`,`animal_id`,`color_id`) VALUES (321,212317,19);
INSERT INTO animal_color (`animal_color`,`animal_id`,`color_id`) VALUES (322,212322,4);
INSERT INTO animal_color (`animal_color`,`animal_id`,`color_id`) VALUES (323,212322,19);
INSERT INTO animal_color (`animal_color`,`animal_id`,`color_id`) VALUES (324,212322,22);
INSERT INTO animal_color (`animal_color`,`animal_id`,`color_id`) VALUES (325,212323,4);
INSERT INTO animal_color (`animal_color`,`animal_id`,`color_id`) VALUES (326,212323,19);
INSERT INTO animal_color (`animal_color`,`animal_id`,`color_id`) VALUES (327,212327,4);
INSERT INTO animal_color (`animal_color`,`animal_id`,`color_id`) VALUES (328,212327,19);
INSERT INTO animal_color (`animal_color`,`animal_id`,`color_id`) VALUES (329,212327,22);
INSERT INTO animal_color (`animal_color`,`animal_id`,`color_id`) VALUES (330,212328,22);
INSERT INTO animal_color (`animal_color`,`animal_id`,`color_id`) VALUES (331,212328,1);
INSERT INTO animal_color (`animal_color`,`animal_id`,`color_id`) VALUES (332,212334,1);
INSERT INTO animal_color (`animal_color`,`animal_id`,`color_id`) VALUES (333,212335,1);
INSERT INTO animal_color (`animal_color`,`animal_id`,`color_id`) VALUES (334,212335,22);
INSERT INTO animal_color (`animal_color`,`animal_id`,`color_id`) VALUES (335,212337,18);
INSERT INTO animal_color (`animal_color`,`animal_id`,`color_id`) VALUES (336,212338,1);
INSERT INTO animal_color (`animal_color`,`animal_id`,`color_id`) VALUES (337,212341,20);
INSERT INTO animal_color (`animal_color`,`animal_id`,`color_id`) VALUES (338,212341,22);
INSERT INTO animal_color (`animal_color`,`animal_id`,`color_id`) VALUES (339,212362,1);
INSERT INTO animal_color (`animal_color`,`animal_id`,`color_id`) VALUES (340,212362,20);
INSERT INTO animal_color (`animal_color`,`animal_id`,`color_id`) VALUES (341,212369,1);
INSERT INTO animal_color (`animal_color`,`animal_id`,`color_id`) VALUES (342,212369,20);
INSERT INTO animal_color (`animal_color`,`animal_id`,`color_id`) VALUES (343,212374,1);
INSERT INTO animal_color (`animal_color`,`animal_id`,`color_id`) VALUES (344,212374,20);
INSERT INTO animal_color (`animal_color`,`animal_id`,`color_id`) VALUES (345,212375,22);
INSERT INTO animal_color (`animal_color`,`animal_id`,`color_id`) VALUES (346,212376,1);
INSERT INTO animal_color (`animal_color`,`animal_id`,`color_id`) VALUES (347,212376,22);
INSERT INTO animal_color (`animal_color`,`animal_id`,`color_id`) VALUES (348,212377,1);
INSERT INTO animal_color (`animal_color`,`animal_id`,`color_id`) VALUES (349,212377,22);
INSERT INTO animal_color (`animal_color`,`animal_id`,`color_id`) VALUES (350,212378,1);
INSERT INTO animal_color (`animal_color`,`animal_id`,`color_id`) VALUES (351,212378,22);
INSERT INTO animal_color (`animal_color`,`animal_id`,`color_id`) VALUES (352,212385,4);
INSERT INTO animal_color (`animal_color`,`animal_id`,`color_id`) VALUES (353,212385,19);
INSERT INTO animal_color (`animal_color`,`animal_id`,`color_id`) VALUES (354,212386,1);
INSERT INTO animal_color (`animal_color`,`animal_id`,`color_id`) VALUES (355,212386,22);
INSERT INTO animal_color (`animal_color`,`animal_id`,`color_id`) VALUES (356,212386,19);
INSERT INTO animal_color (`animal_color`,`animal_id`,`color_id`) VALUES (357,212387,1);
INSERT INTO animal_color (`animal_color`,`animal_id`,`color_id`) VALUES (358,212390,1);
INSERT INTO animal_color (`animal_color`,`animal_id`,`color_id`) VALUES (359,212395,6);
INSERT INTO animal_color (`animal_color`,`animal_id`,`color_id`) VALUES (360,212395,22);
INSERT INTO animal_color (`animal_color`,`animal_id`,`color_id`) VALUES (361,212396,1);
INSERT INTO animal_color (`animal_color`,`animal_id`,`color_id`) VALUES (362,212396,22);
INSERT INTO animal_color (`animal_color`,`animal_id`,`color_id`) VALUES (363,212397,5);
INSERT INTO animal_color (`animal_color`,`animal_id`,`color_id`) VALUES (364,212397,20);
INSERT INTO animal_color (`animal_color`,`animal_id`,`color_id`) VALUES (365,212398,5);
INSERT INTO animal_color (`animal_color`,`animal_id`,`color_id`) VALUES (366,212398,20);
INSERT INTO animal_color (`animal_color`,`animal_id`,`color_id`) VALUES (367,212401,22);
INSERT INTO animal_color (`animal_color`,`animal_id`,`color_id`) VALUES (368,212401,1);
INSERT INTO animal_color (`animal_color`,`animal_id`,`color_id`) VALUES (369,212407,13);
INSERT INTO animal_color (`animal_color`,`animal_id`,`color_id`) VALUES (370,212407,19);
INSERT INTO animal_color (`animal_color`,`animal_id`,`color_id`) VALUES (371,212421,4);
INSERT INTO animal_color (`animal_color`,`animal_id`,`color_id`) VALUES (372,212421,19);
INSERT INTO animal_color (`animal_color`,`animal_id`,`color_id`) VALUES (373,212421,22);
INSERT INTO animal_color (`animal_color`,`animal_id`,`color_id`) VALUES (374,212427,16);
INSERT INTO animal_color (`animal_color`,`animal_id`,`color_id`) VALUES (375,212427,19);
INSERT INTO animal_color (`animal_color`,`animal_id`,`color_id`) VALUES (376,212427,22);
INSERT INTO animal_color (`animal_color`,`animal_id`,`color_id`) VALUES (377,212429,1);
INSERT INTO animal_color (`animal_color`,`animal_id`,`color_id`) VALUES (378,212433,1);
INSERT INTO animal_color (`animal_color`,`animal_id`,`color_id`) VALUES (379,212441,17);
INSERT INTO animal_color (`animal_color`,`animal_id`,`color_id`) VALUES (380,212441,19);

INSERT INTO animal_breed (`animal_breed`,`animal_id`,`breed_id`) VALUES (1,124175,32);
INSERT INTO animal_breed (`animal_breed`,`animal_id`,`breed_id`) VALUES (2,124175,1);
INSERT INTO animal_breed (`animal_breed`,`animal_id`,`breed_id`) VALUES (3,173248,2);
INSERT INTO animal_breed (`animal_breed`,`animal_id`,`breed_id`) VALUES (4,173843,2);
INSERT INTO animal_breed (`animal_breed`,`animal_id`,`breed_id`) VALUES (5,184279,11);
INSERT INTO animal_breed (`animal_breed`,`animal_id`,`breed_id`) VALUES (6,184279,1);
INSERT INTO animal_breed (`animal_breed`,`animal_id`,`breed_id`) VALUES (7,185549,9);
INSERT INTO animal_breed (`animal_breed`,`animal_id`,`breed_id`) VALUES (8,185549,36);
INSERT INTO animal_breed (`animal_breed`,`animal_id`,`breed_id`) VALUES (9,186463,2);
INSERT INTO animal_breed (`animal_breed`,`animal_id`,`breed_id`) VALUES (10,188127,9);
INSERT INTO animal_breed (`animal_breed`,`animal_id`,`breed_id`) VALUES (11,194068,46);
INSERT INTO animal_breed (`animal_breed`,`animal_id`,`breed_id`) VALUES (12,195932,11);
INSERT INTO animal_breed (`animal_breed`,`animal_id`,`breed_id`) VALUES (13,195932,1);
INSERT INTO animal_breed (`animal_breed`,`animal_id`,`breed_id`) VALUES (14,197411,3);
INSERT INTO animal_breed (`animal_breed`,`animal_id`,`breed_id`) VALUES (15,197766,32);
INSERT INTO animal_breed (`animal_breed`,`animal_id`,`breed_id`) VALUES (16,197766,11);
INSERT INTO animal_breed (`animal_breed`,`animal_id`,`breed_id`) VALUES (17,199662,36);
INSERT INTO animal_breed (`animal_breed`,`animal_id`,`breed_id`) VALUES (18,199662,1);
INSERT INTO animal_breed (`animal_breed`,`animal_id`,`breed_id`) VALUES (19,199766,46);
INSERT INTO animal_breed (`animal_breed`,`animal_id`,`breed_id`) VALUES (20,201956,4);
INSERT INTO animal_breed (`animal_breed`,`animal_id`,`breed_id`) VALUES (21,206997,33);
INSERT INTO animal_breed (`animal_breed`,`animal_id`,`breed_id`) VALUES (22,207540,37);
INSERT INTO animal_breed (`animal_breed`,`animal_id`,`breed_id`) VALUES (23,207659,11);
INSERT INTO animal_breed (`animal_breed`,`animal_id`,`breed_id`) VALUES (24,207659,1);
INSERT INTO animal_breed (`animal_breed`,`animal_id`,`breed_id`) VALUES (25,208488,38);
INSERT INTO animal_breed (`animal_breed`,`animal_id`,`breed_id`) VALUES (26,209008,11);
INSERT INTO animal_breed (`animal_breed`,`animal_id`,`breed_id`) VALUES (27,209008,1);
INSERT INTO animal_breed (`animal_breed`,`animal_id`,`breed_id`) VALUES (28,209265,2);
INSERT INTO animal_breed (`animal_breed`,`animal_id`,`breed_id`) VALUES (29,209547,32);
INSERT INTO animal_breed (`animal_breed`,`animal_id`,`breed_id`) VALUES (30,209547,17);
INSERT INTO animal_breed (`animal_breed`,`animal_id`,`breed_id`) VALUES (31,209558,26);
INSERT INTO animal_breed (`animal_breed`,`animal_id`,`breed_id`) VALUES (32,210164,2);
INSERT INTO animal_breed (`animal_breed`,`animal_id`,`breed_id`) VALUES (33,210287,2);
INSERT INTO animal_breed (`animal_breed`,`animal_id`,`breed_id`) VALUES (34,210394,2);
INSERT INTO animal_breed (`animal_breed`,`animal_id`,`breed_id`) VALUES (35,210488,27);
INSERT INTO animal_breed (`animal_breed`,`animal_id`,`breed_id`) VALUES (36,210488,1);
INSERT INTO animal_breed (`animal_breed`,`animal_id`,`breed_id`) VALUES (37,210593,11);
INSERT INTO animal_breed (`animal_breed`,`animal_id`,`breed_id`) VALUES (38,210615,12);
INSERT INTO animal_breed (`animal_breed`,`animal_id`,`breed_id`) VALUES (39,210615,16);
INSERT INTO animal_breed (`animal_breed`,`animal_id`,`breed_id`) VALUES (40,210689,3);
INSERT INTO animal_breed (`animal_breed`,`animal_id`,`breed_id`) VALUES (41,210725,14);
INSERT INTO animal_breed (`animal_breed`,`animal_id`,`breed_id`) VALUES (42,210725,1);
INSERT INTO animal_breed (`animal_breed`,`animal_id`,`breed_id`) VALUES (43,210728,2);
INSERT INTO animal_breed (`animal_breed`,`animal_id`,`breed_id`) VALUES (44,210729,22);
INSERT INTO animal_breed (`animal_breed`,`animal_id`,`breed_id`) VALUES (45,210735,41);
INSERT INTO animal_breed (`animal_breed`,`animal_id`,`breed_id`) VALUES (46,210735,1);
INSERT INTO animal_breed (`animal_breed`,`animal_id`,`breed_id`) VALUES (47,210799,45);
INSERT INTO animal_breed (`animal_breed`,`animal_id`,`breed_id`) VALUES (48,210809,2);
INSERT INTO animal_breed (`animal_breed`,`animal_id`,`breed_id`) VALUES (49,210847,22);
INSERT INTO animal_breed (`animal_breed`,`animal_id`,`breed_id`) VALUES (50,210855,3);
INSERT INTO animal_breed (`animal_breed`,`animal_id`,`breed_id`) VALUES (51,210877,3);
INSERT INTO animal_breed (`animal_breed`,`animal_id`,`breed_id`) VALUES (52,210904,31);
INSERT INTO animal_breed (`animal_breed`,`animal_id`,`breed_id`) VALUES (53,210904,20);
INSERT INTO animal_breed (`animal_breed`,`animal_id`,`breed_id`) VALUES (54,210950,32);
INSERT INTO animal_breed (`animal_breed`,`animal_id`,`breed_id`) VALUES (55,210997,27);
INSERT INTO animal_breed (`animal_breed`,`animal_id`,`breed_id`) VALUES (56,210997,43);
INSERT INTO animal_breed (`animal_breed`,`animal_id`,`breed_id`) VALUES (57,211013,18);
INSERT INTO animal_breed (`animal_breed`,`animal_id`,`breed_id`) VALUES (58,211020,2);
INSERT INTO animal_breed (`animal_breed`,`animal_id`,`breed_id`) VALUES (59,211028,32);
INSERT INTO animal_breed (`animal_breed`,`animal_id`,`breed_id`) VALUES (60,211028,1);
INSERT INTO animal_breed (`animal_breed`,`animal_id`,`breed_id`) VALUES (61,211041,27);
INSERT INTO animal_breed (`animal_breed`,`animal_id`,`breed_id`) VALUES (62,211043,32);
INSERT INTO animal_breed (`animal_breed`,`animal_id`,`breed_id`) VALUES (63,211065,2);
INSERT INTO animal_breed (`animal_breed`,`animal_id`,`breed_id`) VALUES (64,211068,27);
INSERT INTO animal_breed (`animal_breed`,`animal_id`,`breed_id`) VALUES (65,211068,1);
INSERT INTO animal_breed (`animal_breed`,`animal_id`,`breed_id`) VALUES (66,211079,2);
INSERT INTO animal_breed (`animal_breed`,`animal_id`,`breed_id`) VALUES (67,211082,2);
INSERT INTO animal_breed (`animal_breed`,`animal_id`,`breed_id`) VALUES (68,211098,30);
INSERT INTO animal_breed (`animal_breed`,`animal_id`,`breed_id`) VALUES (69,211120,4);
INSERT INTO animal_breed (`animal_breed`,`animal_id`,`breed_id`) VALUES (70,211143,2);
INSERT INTO animal_breed (`animal_breed`,`animal_id`,`breed_id`) VALUES (71,211177,3);
INSERT INTO animal_breed (`animal_breed`,`animal_id`,`breed_id`) VALUES (72,211198,2);
INSERT INTO animal_breed (`animal_breed`,`animal_id`,`breed_id`) VALUES (73,211205,32);
INSERT INTO animal_breed (`animal_breed`,`animal_id`,`breed_id`) VALUES (74,211226,3);
INSERT INTO animal_breed (`animal_breed`,`animal_id`,`breed_id`) VALUES (75,211227,3);
INSERT INTO animal_breed (`animal_breed`,`animal_id`,`breed_id`) VALUES (76,211228,12);
INSERT INTO animal_breed (`animal_breed`,`animal_id`,`breed_id`) VALUES (77,211228,1);
INSERT INTO animal_breed (`animal_breed`,`animal_id`,`breed_id`) VALUES (78,211233,4);
INSERT INTO animal_breed (`animal_breed`,`animal_id`,`breed_id`) VALUES (79,211245,2);
INSERT INTO animal_breed (`animal_breed`,`animal_id`,`breed_id`) VALUES (80,211246,21);
INSERT INTO animal_breed (`animal_breed`,`animal_id`,`breed_id`) VALUES (81,211246,1);
INSERT INTO animal_breed (`animal_breed`,`animal_id`,`breed_id`) VALUES (82,211262,36);
INSERT INTO animal_breed (`animal_breed`,`animal_id`,`breed_id`) VALUES (83,211262,1);
INSERT INTO animal_breed (`animal_breed`,`animal_id`,`breed_id`) VALUES (84,211288,2);
INSERT INTO animal_breed (`animal_breed`,`animal_id`,`breed_id`) VALUES (85,211290,3);
INSERT INTO animal_breed (`animal_breed`,`animal_id`,`breed_id`) VALUES (86,211335,16);
INSERT INTO animal_breed (`animal_breed`,`animal_id`,`breed_id`) VALUES (87,211335,1);
INSERT INTO animal_breed (`animal_breed`,`animal_id`,`breed_id`) VALUES (88,211348,27);
INSERT INTO animal_breed (`animal_breed`,`animal_id`,`breed_id`) VALUES (89,211353,5);
INSERT INTO animal_breed (`animal_breed`,`animal_id`,`breed_id`) VALUES (90,211353,1);
INSERT INTO animal_breed (`animal_breed`,`animal_id`,`breed_id`) VALUES (91,211376,48);
INSERT INTO animal_breed (`animal_breed`,`animal_id`,`breed_id`) VALUES (92,211376,44);
INSERT INTO animal_breed (`animal_breed`,`animal_id`,`breed_id`) VALUES (93,211382,2);
INSERT INTO animal_breed (`animal_breed`,`animal_id`,`breed_id`) VALUES (94,211396,32);
INSERT INTO animal_breed (`animal_breed`,`animal_id`,`breed_id`) VALUES (95,211396,41);
INSERT INTO animal_breed (`animal_breed`,`animal_id`,`breed_id`) VALUES (96,211406,11);
INSERT INTO animal_breed (`animal_breed`,`animal_id`,`breed_id`) VALUES (97,211408,15);
INSERT INTO animal_breed (`animal_breed`,`animal_id`,`breed_id`) VALUES (98,211408,32);
INSERT INTO animal_breed (`animal_breed`,`animal_id`,`breed_id`) VALUES (99,211409,2);
INSERT INTO animal_breed (`animal_breed`,`animal_id`,`breed_id`) VALUES (100,211410,3);
INSERT INTO animal_breed (`animal_breed`,`animal_id`,`breed_id`) VALUES (101,211411,2);
INSERT INTO animal_breed (`animal_breed`,`animal_id`,`breed_id`) VALUES (102,211418,2);
INSERT INTO animal_breed (`animal_breed`,`animal_id`,`breed_id`) VALUES (103,211425,2);
INSERT INTO animal_breed (`animal_breed`,`animal_id`,`breed_id`) VALUES (104,211427,41);
INSERT INTO animal_breed (`animal_breed`,`animal_id`,`breed_id`) VALUES (105,211427,1);
INSERT INTO animal_breed (`animal_breed`,`animal_id`,`breed_id`) VALUES (106,211429,11);
INSERT INTO animal_breed (`animal_breed`,`animal_id`,`breed_id`) VALUES (107,211436,2);
INSERT INTO animal_breed (`animal_breed`,`animal_id`,`breed_id`) VALUES (108,211437,2);
INSERT INTO animal_breed (`animal_breed`,`animal_id`,`breed_id`) VALUES (109,211438,3);
INSERT INTO animal_breed (`animal_breed`,`animal_id`,`breed_id`) VALUES (110,211441,2);
INSERT INTO animal_breed (`animal_breed`,`animal_id`,`breed_id`) VALUES (111,211451,11);
INSERT INTO animal_breed (`animal_breed`,`animal_id`,`breed_id`) VALUES (112,211451,1);
INSERT INTO animal_breed (`animal_breed`,`animal_id`,`breed_id`) VALUES (114,211459,2);
INSERT INTO animal_breed (`animal_breed`,`animal_id`,`breed_id`) VALUES (115,211460,25);
INSERT INTO animal_breed (`animal_breed`,`animal_id`,`breed_id`) VALUES (116,211462,13);
INSERT INTO animal_breed (`animal_breed`,`animal_id`,`breed_id`) VALUES (117,211462,1);
INSERT INTO animal_breed (`animal_breed`,`animal_id`,`breed_id`) VALUES (118,211465,23);
INSERT INTO animal_breed (`animal_breed`,`animal_id`,`breed_id`) VALUES (119,211466,3);
INSERT INTO animal_breed (`animal_breed`,`animal_id`,`breed_id`) VALUES (120,211485,22);
INSERT INTO animal_breed (`animal_breed`,`animal_id`,`breed_id`) VALUES (121,211486,2);
INSERT INTO animal_breed (`animal_breed`,`animal_id`,`breed_id`) VALUES (122,211495,32);
INSERT INTO animal_breed (`animal_breed`,`animal_id`,`breed_id`) VALUES (123,211495,43);
INSERT INTO animal_breed (`animal_breed`,`animal_id`,`breed_id`) VALUES (124,211499,24);
INSERT INTO animal_breed (`animal_breed`,`animal_id`,`breed_id`) VALUES (125,211504,2);
INSERT INTO animal_breed (`animal_breed`,`animal_id`,`breed_id`) VALUES (126,211505,2);
INSERT INTO animal_breed (`animal_breed`,`animal_id`,`breed_id`) VALUES (127,211511,2);
INSERT INTO animal_breed (`animal_breed`,`animal_id`,`breed_id`) VALUES (128,211512,2);
INSERT INTO animal_breed (`animal_breed`,`animal_id`,`breed_id`) VALUES (129,211519,8);
INSERT INTO animal_breed (`animal_breed`,`animal_id`,`breed_id`) VALUES (130,211519,1);
INSERT INTO animal_breed (`animal_breed`,`animal_id`,`breed_id`) VALUES (131,211522,2);
INSERT INTO animal_breed (`animal_breed`,`animal_id`,`breed_id`) VALUES (132,211526,36);
INSERT INTO animal_breed (`animal_breed`,`animal_id`,`breed_id`) VALUES (133,211529,2);
INSERT INTO animal_breed (`animal_breed`,`animal_id`,`breed_id`) VALUES (134,211530,2);
INSERT INTO animal_breed (`animal_breed`,`animal_id`,`breed_id`) VALUES (135,211534,2);
INSERT INTO animal_breed (`animal_breed`,`animal_id`,`breed_id`) VALUES (136,211537,4);
INSERT INTO animal_breed (`animal_breed`,`animal_id`,`breed_id`) VALUES (137,211542,32);
INSERT INTO animal_breed (`animal_breed`,`animal_id`,`breed_id`) VALUES (138,211543,2);
INSERT INTO animal_breed (`animal_breed`,`animal_id`,`breed_id`) VALUES (139,211544,17);
INSERT INTO animal_breed (`animal_breed`,`animal_id`,`breed_id`) VALUES (140,211544,29);
INSERT INTO animal_breed (`animal_breed`,`animal_id`,`breed_id`) VALUES (141,211545,2);
INSERT INTO animal_breed (`animal_breed`,`animal_id`,`breed_id`) VALUES (142,211546,2);
INSERT INTO animal_breed (`animal_breed`,`animal_id`,`breed_id`) VALUES (143,211547,2);
INSERT INTO animal_breed (`animal_breed`,`animal_id`,`breed_id`) VALUES (144,211548,4);
INSERT INTO animal_breed (`animal_breed`,`animal_id`,`breed_id`) VALUES (145,211549,27);
INSERT INTO animal_breed (`animal_breed`,`animal_id`,`breed_id`) VALUES (146,211554,2);
INSERT INTO animal_breed (`animal_breed`,`animal_id`,`breed_id`) VALUES (147,211556,40);
INSERT INTO animal_breed (`animal_breed`,`animal_id`,`breed_id`) VALUES (148,211556,1);
INSERT INTO animal_breed (`animal_breed`,`animal_id`,`breed_id`) VALUES (149,211557,2);
INSERT INTO animal_breed (`animal_breed`,`animal_id`,`breed_id`) VALUES (150,211559,16);
INSERT INTO animal_breed (`animal_breed`,`animal_id`,`breed_id`) VALUES (151,211559,32);
INSERT INTO animal_breed (`animal_breed`,`animal_id`,`breed_id`) VALUES (152,211568,2);
INSERT INTO animal_breed (`animal_breed`,`animal_id`,`breed_id`) VALUES (153,211569,46);
INSERT INTO animal_breed (`animal_breed`,`animal_id`,`breed_id`) VALUES (154,211575,2);
INSERT INTO animal_breed (`animal_breed`,`animal_id`,`breed_id`) VALUES (155,211576,20);
INSERT INTO animal_breed (`animal_breed`,`animal_id`,`breed_id`) VALUES (156,211578,49);
INSERT INTO animal_breed (`animal_breed`,`animal_id`,`breed_id`) VALUES (157,211578,1);
INSERT INTO animal_breed (`animal_breed`,`animal_id`,`breed_id`) VALUES (158,211591,11);
INSERT INTO animal_breed (`animal_breed`,`animal_id`,`breed_id`) VALUES (159,211593,2);
INSERT INTO animal_breed (`animal_breed`,`animal_id`,`breed_id`) VALUES (160,211594,2);
INSERT INTO animal_breed (`animal_breed`,`animal_id`,`breed_id`) VALUES (161,211595,2);
INSERT INTO animal_breed (`animal_breed`,`animal_id`,`breed_id`) VALUES (162,211597,40);
INSERT INTO animal_breed (`animal_breed`,`animal_id`,`breed_id`) VALUES (163,211597,1);
INSERT INTO animal_breed (`animal_breed`,`animal_id`,`breed_id`) VALUES (164,211599,2);
INSERT INTO animal_breed (`animal_breed`,`animal_id`,`breed_id`) VALUES (165,211601,2);
INSERT INTO animal_breed (`animal_breed`,`animal_id`,`breed_id`) VALUES (166,211604,2);
INSERT INTO animal_breed (`animal_breed`,`animal_id`,`breed_id`) VALUES (167,211607,6);
INSERT INTO animal_breed (`animal_breed`,`animal_id`,`breed_id`) VALUES (168,211607,1);
INSERT INTO animal_breed (`animal_breed`,`animal_id`,`breed_id`) VALUES (169,211611,46);
INSERT INTO animal_breed (`animal_breed`,`animal_id`,`breed_id`) VALUES (170,211613,28);
INSERT INTO animal_breed (`animal_breed`,`animal_id`,`breed_id`) VALUES (171,211614,6);
INSERT INTO animal_breed (`animal_breed`,`animal_id`,`breed_id`) VALUES (172,211614,47);
INSERT INTO animal_breed (`animal_breed`,`animal_id`,`breed_id`) VALUES (173,211617,2);
INSERT INTO animal_breed (`animal_breed`,`animal_id`,`breed_id`) VALUES (174,211618,2);
INSERT INTO animal_breed (`animal_breed`,`animal_id`,`breed_id`) VALUES (175,211620,7);
INSERT INTO animal_breed (`animal_breed`,`animal_id`,`breed_id`) VALUES (176,211620,1);
INSERT INTO animal_breed (`animal_breed`,`animal_id`,`breed_id`) VALUES (177,211622,48);
INSERT INTO animal_breed (`animal_breed`,`animal_id`,`breed_id`) VALUES (178,211627,27);
INSERT INTO animal_breed (`animal_breed`,`animal_id`,`breed_id`) VALUES (179,211628,2);
INSERT INTO animal_breed (`animal_breed`,`animal_id`,`breed_id`) VALUES (180,211630,2);
INSERT INTO animal_breed (`animal_breed`,`animal_id`,`breed_id`) VALUES (181,211631,50);
INSERT INTO animal_breed (`animal_breed`,`animal_id`,`breed_id`) VALUES (182,211631,1);
INSERT INTO animal_breed (`animal_breed`,`animal_id`,`breed_id`) VALUES (183,211635,12);
INSERT INTO animal_breed (`animal_breed`,`animal_id`,`breed_id`) VALUES (184,211635,1);
INSERT INTO animal_breed (`animal_breed`,`animal_id`,`breed_id`) VALUES (185,211636,2);
INSERT INTO animal_breed (`animal_breed`,`animal_id`,`breed_id`) VALUES (186,211637,2);
INSERT INTO animal_breed (`animal_breed`,`animal_id`,`breed_id`) VALUES (187,211638,2);
INSERT INTO animal_breed (`animal_breed`,`animal_id`,`breed_id`) VALUES (188,211639,2);
INSERT INTO animal_breed (`animal_breed`,`animal_id`,`breed_id`) VALUES (189,211678,27);
INSERT INTO animal_breed (`animal_breed`,`animal_id`,`breed_id`) VALUES (190,211768,14);
INSERT INTO animal_breed (`animal_breed`,`animal_id`,`breed_id`) VALUES (191,211768,1);
INSERT INTO animal_breed (`animal_breed`,`animal_id`,`breed_id`) VALUES (192,211786,2);
INSERT INTO animal_breed (`animal_breed`,`animal_id`,`breed_id`) VALUES (193,211790,4);
INSERT INTO animal_breed (`animal_breed`,`animal_id`,`breed_id`) VALUES (194,211797,12);
INSERT INTO animal_breed (`animal_breed`,`animal_id`,`breed_id`) VALUES (195,211858,2);
INSERT INTO animal_breed (`animal_breed`,`animal_id`,`breed_id`) VALUES (196,211869,11);
INSERT INTO animal_breed (`animal_breed`,`animal_id`,`breed_id`) VALUES (197,211869,1);
INSERT INTO animal_breed (`animal_breed`,`animal_id`,`breed_id`) VALUES (198,211889,3);
INSERT INTO animal_breed (`animal_breed`,`animal_id`,`breed_id`) VALUES (199,211891,32);
INSERT INTO animal_breed (`animal_breed`,`animal_id`,`breed_id`) VALUES (200,211891,1);
INSERT INTO animal_breed (`animal_breed`,`animal_id`,`breed_id`) VALUES (201,211915,2);
INSERT INTO animal_breed (`animal_breed`,`animal_id`,`breed_id`) VALUES (202,211955,20);
INSERT INTO animal_breed (`animal_breed`,`animal_id`,`breed_id`) VALUES (203,212013,12);
INSERT INTO animal_breed (`animal_breed`,`animal_id`,`breed_id`) VALUES (204,212031,11);
INSERT INTO animal_breed (`animal_breed`,`animal_id`,`breed_id`) VALUES (205,212092,2);
INSERT INTO animal_breed (`animal_breed`,`animal_id`,`breed_id`) VALUES (206,212115,2);
INSERT INTO animal_breed (`animal_breed`,`animal_id`,`breed_id`) VALUES (207,212116,17);
INSERT INTO animal_breed (`animal_breed`,`animal_id`,`breed_id`) VALUES (208,212116,1);
INSERT INTO animal_breed (`animal_breed`,`animal_id`,`breed_id`) VALUES (209,212117,17);
INSERT INTO animal_breed (`animal_breed`,`animal_id`,`breed_id`) VALUES (210,212117,1);
INSERT INTO animal_breed (`animal_breed`,`animal_id`,`breed_id`) VALUES (211,212209,35);
INSERT INTO animal_breed (`animal_breed`,`animal_id`,`breed_id`) VALUES (212,212209,20);
INSERT INTO animal_breed (`animal_breed`,`animal_id`,`breed_id`) VALUES (213,212227,2);
INSERT INTO animal_breed (`animal_breed`,`animal_id`,`breed_id`) VALUES (214,212244,11);
INSERT INTO animal_breed (`animal_breed`,`animal_id`,`breed_id`) VALUES (215,212245,46);
INSERT INTO animal_breed (`animal_breed`,`animal_id`,`breed_id`) VALUES (216,212249,10);
INSERT INTO animal_breed (`animal_breed`,`animal_id`,`breed_id`) VALUES (217,212249,1);
INSERT INTO animal_breed (`animal_breed`,`animal_id`,`breed_id`) VALUES (218,212278,2);
INSERT INTO animal_breed (`animal_breed`,`animal_id`,`breed_id`) VALUES (219,212284,11);
INSERT INTO animal_breed (`animal_breed`,`animal_id`,`breed_id`) VALUES (220,212284,9);
INSERT INTO animal_breed (`animal_breed`,`animal_id`,`breed_id`) VALUES (221,212288,2);
INSERT INTO animal_breed (`animal_breed`,`animal_id`,`breed_id`) VALUES (222,212289,2);
INSERT INTO animal_breed (`animal_breed`,`animal_id`,`breed_id`) VALUES (223,212293,11);
INSERT INTO animal_breed (`animal_breed`,`animal_id`,`breed_id`) VALUES (224,212296,11);
INSERT INTO animal_breed (`animal_breed`,`animal_id`,`breed_id`) VALUES (225,212296,1);
INSERT INTO animal_breed (`animal_breed`,`animal_id`,`breed_id`) VALUES (226,212299,51);
INSERT INTO animal_breed (`animal_breed`,`animal_id`,`breed_id`) VALUES (227,212306,2);
INSERT INTO animal_breed (`animal_breed`,`animal_id`,`breed_id`) VALUES (228,212308,4);
INSERT INTO animal_breed (`animal_breed`,`animal_id`,`breed_id`) VALUES (229,212317,2);
INSERT INTO animal_breed (`animal_breed`,`animal_id`,`breed_id`) VALUES (230,212322,2);
INSERT INTO animal_breed (`animal_breed`,`animal_id`,`breed_id`) VALUES (231,212323,2);
INSERT INTO animal_breed (`animal_breed`,`animal_id`,`breed_id`) VALUES (232,212327,2);
INSERT INTO animal_breed (`animal_breed`,`animal_id`,`breed_id`) VALUES (233,212328,3);
INSERT INTO animal_breed (`animal_breed`,`animal_id`,`breed_id`) VALUES (234,212334,27);
INSERT INTO animal_breed (`animal_breed`,`animal_id`,`breed_id`) VALUES (235,212334,1);
INSERT INTO animal_breed (`animal_breed`,`animal_id`,`breed_id`) VALUES (236,212335,46);
INSERT INTO animal_breed (`animal_breed`,`animal_id`,`breed_id`) VALUES (237,212337,48);
INSERT INTO animal_breed (`animal_breed`,`animal_id`,`breed_id`) VALUES (238,212337,1);
INSERT INTO animal_breed (`animal_breed`,`animal_id`,`breed_id`) VALUES (239,212338,2);
INSERT INTO animal_breed (`animal_breed`,`animal_id`,`breed_id`) VALUES (240,212341,12);
INSERT INTO animal_breed (`animal_breed`,`animal_id`,`breed_id`) VALUES (241,212341,1);
INSERT INTO animal_breed (`animal_breed`,`animal_id`,`breed_id`) VALUES (242,212362,16);
INSERT INTO animal_breed (`animal_breed`,`animal_id`,`breed_id`) VALUES (243,212362,1);
INSERT INTO animal_breed (`animal_breed`,`animal_id`,`breed_id`) VALUES (244,212369,27);
INSERT INTO animal_breed (`animal_breed`,`animal_id`,`breed_id`) VALUES (245,212374,44);
INSERT INTO animal_breed (`animal_breed`,`animal_id`,`breed_id`) VALUES (246,212375,47);
INSERT INTO animal_breed (`animal_breed`,`animal_id`,`breed_id`) VALUES (247,212375,1);
INSERT INTO animal_breed (`animal_breed`,`animal_id`,`breed_id`) VALUES (248,212376,39);
INSERT INTO animal_breed (`animal_breed`,`animal_id`,`breed_id`) VALUES (249,212377,3);
INSERT INTO animal_breed (`animal_breed`,`animal_id`,`breed_id`) VALUES (250,212378,2);
INSERT INTO animal_breed (`animal_breed`,`animal_id`,`breed_id`) VALUES (251,212385,4);
INSERT INTO animal_breed (`animal_breed`,`animal_id`,`breed_id`) VALUES (252,212386,2);
INSERT INTO animal_breed (`animal_breed`,`animal_id`,`breed_id`) VALUES (253,212387,2);
INSERT INTO animal_breed (`animal_breed`,`animal_id`,`breed_id`) VALUES (254,212390,4);
INSERT INTO animal_breed (`animal_breed`,`animal_id`,`breed_id`) VALUES (255,212395,2);
INSERT INTO animal_breed (`animal_breed`,`animal_id`,`breed_id`) VALUES (256,212396,46);
INSERT INTO animal_breed (`animal_breed`,`animal_id`,`breed_id`) VALUES (257,212397,44);
INSERT INTO animal_breed (`animal_breed`,`animal_id`,`breed_id`) VALUES (258,212397,34);
INSERT INTO animal_breed (`animal_breed`,`animal_id`,`breed_id`) VALUES (259,212398,44);
INSERT INTO animal_breed (`animal_breed`,`animal_id`,`breed_id`) VALUES (260,212398,34);
INSERT INTO animal_breed (`animal_breed`,`animal_id`,`breed_id`) VALUES (261,212401,2);
INSERT INTO animal_breed (`animal_breed`,`animal_id`,`breed_id`) VALUES (262,212407,4);
INSERT INTO animal_breed (`animal_breed`,`animal_id`,`breed_id`) VALUES (263,212421,2);
INSERT INTO animal_breed (`animal_breed`,`animal_id`,`breed_id`) VALUES (264,212427,2);
INSERT INTO animal_breed (`animal_breed`,`animal_id`,`breed_id`) VALUES (265,212429,10);
INSERT INTO animal_breed (`animal_breed`,`animal_id`,`breed_id`) VALUES (266,212433,3);
INSERT INTO animal_breed (`animal_breed`,`animal_id`,`breed_id`) VALUES (267,212441,2);

INSERT INTO admin_method (`admin_method_name`) VALUES ('PO');
INSERT INTO admin_method (`admin_method_name`) VALUES ('SQ');
INSERT INTO admin_method (`admin_method_name`) VALUES ('IV IC');
INSERT INTO admin_method (`admin_method_name`) VALUES ('Aural / Topical');
INSERT INTO admin_method (`admin_method_name`) VALUES ('Transdermal');
INSERT INTO admin_method (`admin_method_name`) VALUES ('Ocular');